es;verbo
ha;verbo
ser;verbo
son;verbo
fue;verbo
había;verbo
era;verbo
años;nombre
está;verbo
han;verbo
hay;verbo
vez;nombre
puede;verbo
parte;nombre
tiene;verbo
tiempo;nombre
vida;nombre
hace;verbo
gobierno;nombre
día;nombre
dijo;verbo
sido;verbo
gran;adjetivo
país;nombre
mundo;nombre
año;nombre
estado;nombre
forma;nombre
caso;nombre
hacer;verbo
general;adjetivo
estaba;verbo
presidente;nombre
mayor;adjetivo
casa;nombre
hecho;adjetivo
primera;adjetivo
momento;nombre
millones;nombre
españa;nombre
hombre;nombre
están;verbo
lugar;nombre
madrid;nombre
nacional;adjetivo
trabajo;nombre
mejor;adjetivo
nuevo;adjetivo
decir;verbo
días;nombre
debe;verbo
política;nombre
tal;nombre
pasado;adjetivo
primer;adjetivo
va;verbo
sea;verbo
tenía;verbo
poder;nombre
ver;verbo
veces;nombre
embargo;nombre
partido;nombre
personas;nombre
grupo;nombre
cuenta;verbo
pueden;verbo
tienen;verbo
nueva;adjetivo
fueron;verbo
mujer;nombre
josé;nombre
cosas;nombre
fin;nombre
ciudad;nombre
he;verbo
social;adjetivo
manera;nombre
tener;verbo
sistema;nombre
será;verbo
historia;nombre
juan;nombre
tipo;nombre
punto;nombre
dice;verbo
noche;nombre
agua;nombre
parece;verbo
haber;verbo
situación;nombre
grandes;adjetivo
ejemplo;nombre
acuerdo;nombre
habían;verbo
estados;nombre
hizo;verbo
países;nombre
horas;nombre
posible;adjetivo
ley;nombre
importante;adjetivo
guerra;nombre
desarrollo;nombre
proceso;nombre
realidad;nombre
sentido;nombre
lado;adjetivo
cambio;nombre
mano;nombre
eran;verbo
estar;verbo
san;verbo
número;nombre
sociedad;nombre
centro;nombre
padre;nombre
gente;nombre
final;adjetivo
relación;nombre
cuerpo;nombre
obra;nombre
través;nombre
último;adjetivo
madre;nombre
modo;nombre
problemas;nombre
carlos;nombre
hombres;nombre
información;nombre
ojos;nombre
muerte;nombre
nombre;nombre
público;adjetivo
mujeres;nombre
siglo;nombre
meses;nombre
hora;nombre
pueblo;nombre
dar;verbo
problema;nombre
don;nombre
da;verbo
derecho;nombre
verdad;nombre
maría;nombre
unidos;adjetivo
podría;verbo
sería;verbo
junto;adjetivo
cabeza;nombre
luis;nombre
tierra;nombre
equipo;nombre
segundo;adjetivo
director;nombre
dicho;adjetivo
cierto;adjetivo
casos;nombre
manos;nombre
nivel;nombre
podía;verbo
familia;nombre
largo;adjetivo
partir;nombre
falta;nombre
llegar;verbo
propio;adjetivo
ministro;nombre
cosa;nombre
seguridad;nombre
hemos;verbo
trata;verbo
tuvo;verbo
respecto;nombre
semana;nombre
real;adjetivo
sé;verbo
voz;nombre
paso;nombre
señor;nombre
proyecto;nombre
mercado;nombre
mayoría;nombre
luz;nombre
claro;adjetivo
iba;verbo
pesetas;nombre
orden;nombre
español;adjetivo
buena;adjetivo
quiere;verbo
programa;nombre
palabras;nombre
internacional;adjetivo
van;verbo
segunda;adjetivo
empresa;nombre
puesto;adjetivo
propia;adjetivo
m;nombre
libro;nombre
político;adjetivo
persona;nombre
últimos;adjetivo
total;adjetivo
creo;verbo
tengo;verbo
dios;nombre
española;adjetivo
condiciones;nombre
méxico;adjetivo
fuerza;nombre
solo;adjetivo
único;adjetivo
acción;nombre
amor;nombre
policía;nombre
puerta;nombre
pesar;nombre
zona;nombre
sabe;verbo
calle;nombre
interior;adjetivo
música;nombre
vista;adjetivo
campo;nombre
buen;adjetivo
hubiera;verbo
saber;verbo
obras;nombre
razón;nombre
ex;adjetivo
niños;nombre
presencia;nombre
tema;nombre
dinero;nombre
comisión;nombre
antonio;nombre
servicio;nombre
hijo;nombre
última;adjetivo
estoy;verbo
hablar;verbo
dio;verbo
minutos;nombre
producción;nombre
camino;nombre
fondo;nombre
dirección;nombre
papel;nombre
barcelona;verbo
idea;nombre
especial;adjetivo
diferentes;adjetivo
dado;adjetivo
base;nombre
capital;adjetivo
europa;nombre
libertad;nombre
relaciones;nombre
espacio;nombre
medios;nombre
ir;verbo
actual;adjetivo
población;nombre
empresas;nombre
estudio;nombre
salud;nombre
servicios;nombre
haya;verbo
principio;nombre
siendo;verbo
cultura;nombre
anterior;adjetivo
alto;adjetivo
primeros;adjetivo
arte;nombre
paz;nombre
sector;nombre
imagen;nombre
medida;nombre
deben;verbo
datos;nombre
consejo;nombre
personal;adjetivo
interés;nombre
julio;nombre
grupos;nombre
miembros;nombre
existe;verbo
cara;nombre
edad;nombre
movimiento;nombre
visto;adjetivo
llegó;verbo
puntos;nombre
actividad;nombre
bueno;adjetivo
uso;nombre
niño;nombre
difícil;adjetivo
joven;adjetivo
futuro;nombre
mes;nombre
soy;verbo
hacía;verbo
nuevos;adjetivo
estaban;verbo
posibilidad;nombre
sigue;verbo
resultados;nombre
educación;nombre
atención;nombre
gonzález;nombre
capacidad;nombre
efecto;nombre
necesario;adjetivo
valor;nombre
aire;nombre
investigación;nombre
siguiente;adjetivo
figura;verbo
central;adjetivo
comunidad;nombre
necesidad;nombre
serie;nombre
organización;nombre
nuevas;adjetivo
calidad;nombre
economía;nombre
carácter;nombre
jefe;nombre
estamos;verbo
prensa;nombre
control;nombre
sociales;adjetivo
universidad;nombre
militar;adjetivo
cabo;nombre
fuerzas;nombre
congreso;nombre
hijos;nombre
justicia;nombre
mundial;adjetivo
dólares;nombre
juego;nombre
económica;adjetivo
políticos;nombre
duda;verbo
recursos;nombre
pública;adjetivo
crisis;nombre
próximo;adjetivo
tenemos;verbo
decisión;nombre
popular;adjetivo
tenido;adjetivo
época;nombre
banco;nombre
presente;adjetivo
menor;adjetivo
quiero;verbo
pasar;verbo
resultado;nombre
televisión;nombre
encuentra;verbo
gracias;nombre
ministerio;nombre
conjunto;nombre
defensa;nombre
queda;verbo
hacen;verbo
pasa;verbo
resto;nombre
causa;nombre
seguir;verbo
palabra;nombre
voy;verbo
vamos;verbo
mar;nombre
estudios;nombre
derechos;nombre
importancia;nombre
contrario;adjetivo
manuel;nombre
garcía;verbo
fuerte;adjetivo
sol;nombre
jóvenes;nombre
apoyo;nombre
habría;verbo
civil;adjetivo
miguel;nombre
pedro;nombre
partidos;nombre
libre;adjetivo
fuentes;nombre
administración;nombre
común;adjetivo
dejar;verbo
cine;nombre
salir;verbo
comunicación;nombre
experiencia;nombre
plan;nombre
respuesta;nombre
energía;nombre
izquierda;nombre
función;nombre
principal;adjetivo
superior;adjetivo
naturaleza;nombre
podemos;verbo
unión;nombre
rey;nombre
domingo;nombre
favor;nombre
cantidad;nombre
elecciones;nombre
clase;nombre
productos;nombre
españoles;nombre
conocer;verbo
teatro;nombre
importantes;adjetivo
evitar;verbo
color;nombre
actividades;nombre
mesa;nombre
decía;verbo
debido;adjetivo
alta;adjetivo
francisco;nombre
secretario;nombre
objeto;nombre
posición;nombre
parecía;verbo
natural;adjetivo
elementos;nombre
hubo;verbo
objetivo;nombre
formas;nombre
única;adjetivo
pueda;verbo
origen;nombre
blanco;adjetivo
lleva;verbo
económico;adjetivo
opinión;nombre
ayuda;nombre
oficial;adjetivo
silencio;nombre
buenos;adjetivo
pensar;verbo
república;nombre
sangre;nombre
encuentro;verbo
autor;nombre
reunión;nombre
haciendo;verbo
suelo;nombre
muestra;verbo
viejo;adjetivo
resulta;verbo
tomar;verbo
lucha;nombre
pudo;verbo
amigos;nombre
línea;nombre
sur;nombre
medidas;nombre
norte;nombre
partes;nombre
iglesia;nombre
tratamiento;nombre
existencia;nombre
cargo;nombre
grande;adjetivo
américa;adjetivo
boca;nombre
plaza;nombre
pie;nombre
trabajadores;nombre
poner;verbo
existen;verbo
viene;verbo
permite;verbo
análisis;nombre
argentina;adjetivo
acto;nombre
hechos;nombre
tiempos;nombre
políticas;nombre
radio;nombre
puedo;verbo
crecimiento;nombre
francia;nombre
compañía;nombre
amigo;nombre
autoridades;nombre
realizar;verbo
acciones;nombre
padres;nombre
diario;nombre
ve;verbo
derecha;nombre
habrá;verbo
enfermedad;nombre
especie;nombre
ejército;nombre
santa;adjetivo
cambios;nombre
río;nombre
sabía;verbo
seguro;adjetivo
espera;verbo
momentos;nombre
viaje;nombre
quería;verbo
vivir;verbo
región;nombre
formación;nombre
escuela;nombre
cuarto;nombre
valores;nombre
quedó;verbo
participación;nombre
éxito;nombre
baja;adjetivo
artículo;nombre
principales;adjetivo
fernando;verbo
metros;nombre
marcha;nombre
régimen;nombre
consecuencia;nombre
conocimiento;nombre
corazón;nombre
campaña;nombre
estructura;nombre
efectos;nombre
modelo;nombre
carta;nombre
construcción;nombre
médico;nombre
miedo;nombre
mayores;adjetivo
entrada;nombre
humanos;nombre
sean;verbo
actitud;nombre
deja;verbo
dejó;verbo
d;nombre
llevar;verbo
negro;adjetivo
texto;nombre
mitad;nombre
estuvo;verbo
peso;nombre
humano;adjetivo
pequeño;adjetivo
fecha;nombre
serán;verbo
doctor;nombre
ideas;nombre
vino;nombre
materia;nombre
llega;verbo
carrera;nombre
sola;adjetivo
psoe;verbo
juez;nombre
características;nombre
riesgo;nombre
fácil;adjetivo
diferencia;nombre
cultural;adjetivo
libros;nombre
práctica;adjetivo
mayo;nombre
programas;nombre
memoria;nombre
llegado;adjetivo
plazo;nombre
expresión;nombre
diciembre;nombre
mantener;verbo
enero;nombre
volver;verbo
cuadro;nombre
producto;nombre
produce;verbo
europea;adjetivo
conciencia;nombre
tenían;verbo
creación;nombre
chile;nombre
precio;nombre
película;nombre
puerto;nombre
fuego;nombre
cuestión;nombre
pasó;verbo
costa;nombre
supuesto;adjetivo
local;adjetivo
habla;verbo
aspectos;nombre
cuba;nombre
sala;nombre
cámara;nombre
vuelta;nombre
vía;nombre
mirada;adjetivo
mejores;adjetivo
informe;nombre
unidad;nombre
suerte;nombre
mira;verbo
llamado;adjetivo
técnica;adjetivo
título;nombre
principios;nombre
octubre;nombre
volvió;verbo
período;nombre
encontrar;verbo
democracia;nombre
aumento;nombre
fútbol;nombre
prueba;nombre
consumo;nombre
pese;nombre
ocasiones;nombre
exterior;adjetivo
solución;nombre
hija;nombre
sueño;nombre
parís;nombre
capaz;adjetivo
ocasión;nombre
industria;nombre
salida;nombre
ciencia;nombre
asunto;nombre
asociación;nombre
puso;verbo
intereses;nombre
oro;nombre
podrá;verbo
pregunta;verbo
oposición;nombre
entrar;verbo
señora;nombre
señaló;verbo
santiago;nombre
dolor;nombre
zonas;nombre
comercio;nombre
operación;nombre
tribunal;nombre
instituciones;nombre
temas;nombre
militares;nombre
junio;nombre
marco;nombre
sectores;nombre
hacerlo;adjetivo
aspecto;nombre
razones;nombre
contenido;nombre
juicio;nombre
electoral;adjetivo
considera;verbo
tendrá;verbo
voluntad;nombre
dicen;verbo
recuerdo;verbo
socialista;adjetivo
área;nombre
aparece;verbo
vio;verbo
cama;nombre
presenta;verbo
pp;adjetivo
revolución;nombre
busca;verbo
abril;nombre
rodríguez;nombre
fiscal;adjetivo
lópez;verbo
victoria;nombre
violencia;nombre
primeras;adjetivo
pequeña;adjetivo
armas;nombre
debía;verbo
ii;nombre
esfuerzo;nombre
humana;adjetivo
posibilidades;nombre
centros;nombre
profesional;adjetivo
grado;nombre
has;nombre
toma;verbo
distintas;adjetivo
material;adjetivo
carne;nombre
llama;verbo
particular;adjetivo
jorge;nombre
trabajar;verbo
propuesta;nombre
muerto;adjetivo
precios;nombre
reforma;nombre
hermano;nombre
corte;nombre
comenzó;verbo
etapa;nombre
pone;verbo
visita;nombre
concepto;nombre
pacientes;nombre
semanas;nombre
tipos;nombre
deseo;verbo
sistemas;nombre
encuentran;verbo
siguientes;adjetivo
martín;nombre
suficiente;adjetivo
marzo;nombre
propios;adjetivo
dan;verbo
club;nombre
instituto;nombre
constitución;nombre
curso;nombre
lenguaje;nombre
estilo;nombre
rosa;adjetivo
imposible;adjetivo
pablo;nombre
buscar;verbo
peor;adjetivo
piel;nombre
generales;nombre
septiembre;nombre
blanca;adjetivo
teoría;nombre
animales;nombre
hicieron;verbo
larga;adjetivo
perdido;adjetivo
imágenes;nombre
paciente;adjetivo
conseguir;verbo
máximo;adjetivo
noviembre;nombre
líder;nombre
hospital;nombre
rafael;verbo
vuelve;verbo
destino;nombre
torno;nombre
proyectos;nombre
flores;nombre
niveles;nombre
afirmó;verbo
explicó;verbo
n;nombre
somos;verbo
términos;nombre
premio;nombre
tercera;adjetivo
simple;adjetivo
trabajos;nombre
factores;nombre
fuente;nombre
cielo;nombre
fernández;nombre
conocido;adjetivo
condición;nombre
ejercicio;nombre
cree;verbo
par;nombre
ocurre;verbo
espíritu;nombre
lengua;nombre
responsabilidad;nombre
digo;verbo
pérez;nombre
distancia;nombre
organismo;nombre
cruz;nombre
evolución;nombre
alberto;nombre
francés;adjetivo
novela;nombre
alma;nombre
doble;adjetivo
anteriores;adjetivo
obtener;verbo
dije;verbo
selección;nombre
podido;adjetivo
nación;nombre
ido;adjetivo
crear;verbo
motivo;nombre
tercer;adjetivo
significa;verbo
empleo;nombre
escrito;adjetivo
departamento;nombre
contacto;nombre
casas;nombre
red;nombre
rostro;nombre
oportunidad;nombre
procesos;nombre
terreno;nombre
daba;verbo
calles;nombre
lista;nombre
nacionales;adjetivo
funciones;nombre
leyes;nombre
acceso;nombre
técnico;nombre
visión;nombre
preguntó;verbo
jesús;nombre
grave;adjetivo
tenga;verbo
lunes;nombre
aplicación;nombre
junta;nombre
lugares;nombre
verano;nombre
capítulo;nombre
pensamiento;nombre
york;nombre
frecuencia;nombre
gestión;nombre
viernes;nombre
javier;adjetivo
sitio;nombre
agosto;nombre
propiedad;nombre
profesionales;nombre
últimas;adjetivo
gusta;verbo
objetivos;nombre
movimientos;nombre
alcalde;nombre
ejecutivo;nombre
ciudadanos;nombre
necesidades;nombre
exposición;nombre
término;nombre
clara;adjetivo
altura;nombre
pequeños;adjetivo
presión;nombre
moral;adjetivo
lograr;verbo
comité;nombre
teléfono;nombre
asuntos;nombre
peligro;nombre
escena;nombre
gusto;nombre
palacio;nombre
hotel;nombre
colombia;nombre
aseguró;verbo
isla;nombre
guardia;nombre
confianza;nombre
ciudades;nombre
esperar;verbo
café;nombre
demanda;nombre
personajes;nombre
salió;verbo
discurso;nombre
sánchez;nombre
representantes;nombre
normal;adjetivo
pena;nombre
jugadores;nombre
supone;verbo
industrial;adjetivo
referencia;nombre
febrero;nombre
entender;verbo
esté;verbo
física;adjetivo
dejado;adjetivo
alimentos;nombre
pies;nombre
doña;nombre
protección;nombre
autores;nombre
marido;nombre
podrían;verbo
llamada;adjetivo
brazos;nombre
intervención;nombre
sal;nombre
páginas;nombre
pueblos;nombre
temporada;nombre
tus;verbo
maestro;nombre
internacionales;adjetivo
técnicas;nombre
estás;verbo
esposa;nombre
crítica;nombre
perder;verbo
venta;nombre
finales;nombre
ramón;nombre
contar;verbo
diferencias;nombre
familiar;adjetivo
martínez;nombre
kilómetros;nombre
mala;adjetivo
fundamental;adjetivo
enorme;adjetivo
puedan;verbo
líneas;nombre
ofrece;verbo
comercial;adjetivo
pan;nombre
aires;nombre
profesor;nombre
inversión;nombre
municipal;adjetivo
declaraciones;nombre
funcionarios;nombre
aguas;nombre
responsable;adjetivo
sábado;nombre
federal;adjetivo
señala;verbo
conflicto;nombre
dicha;adjetivo
efe;nombre
dirigentes;nombre
cambiar;verbo
superficie;nombre
necesita;verbo
estudiantes;nombre
tantos;nombre
golpe;nombre
públicos;adjetivo
públicas;adjetivo
equipos;nombre
literatura;nombre
pruebas;nombre
alemania;nombre
circunstancias;nombre
tienes;nombre
documento;nombre
fiesta;nombre
enrique;nombre
aceite;nombre
establecer;verbo
médicos;nombre
eres;verbo
locales;adjetivo
empezó;verbo
pobre;adjetivo
debería;verbo
llevó;verbo
parlamento;nombre
territorio;nombre
sale;verbo
coche;nombre
clases;nombre
afirma;verbo
oficiales;adjetivo
diálogo;nombre
vi;verbo
respeto;nombre
tratado;adjetivo
llevaba;verbo
revista;nombre
copa;nombre
pintura;nombre
nombres;nombre
propósito;nombre
leche;nombre
actualidad;nombre
constituye;verbo
tarea;nombre
alcanzar;verbo
competencia;nombre
normas;nombre
plata;nombre
vecinos;nombre
fenómeno;nombre
intención;nombre
dando;verbo
diputados;nombre
judicial;adjetivo
fe;nombre
jornada;nombre
italia;nombre
ganar;verbo
candidato;nombre
calor;nombre
esperanza;nombre
suele;verbo
ritmo;nombre
vive;verbo
pasos;nombre
sensación;nombre
representación;nombre
presidencia;nombre
triunfo;nombre
ayuntamiento;nombre
plantas;nombre
niña;nombre
frío;nombre
tono;nombre
compañeros;nombre
quieren;verbo
pesos;nombre
propias;adjetivo
plano;adjetivo
enfermedades;nombre
institución;nombre
edificio;nombre
nota;nombre
franco;adjetivo
jugar;verbo
the;nombre
representa;verbo
gesto;nombre
mensaje;nombre
vasco;adjetivo
pudiera;verbo
gómez;nombre
influencia;nombre
realizado;adjetivo
conducta;nombre
objetos;nombre
tamaño;nombre
provincia;nombre
europeo;adjetivo
verde;adjetivo
informó;verbo
escribir;verbo
materiales;nombre
eduardo;adjetivo
cumplir;verbo
pidió;verbo
alumnos;nombre
ámbito;nombre
muertos;nombre
explica;verbo
consecuencias;nombre
refiere;verbo
comer;verbo
fines;nombre
versión;nombre
abierto;adjetivo
debate;nombre
barrio;nombre
labor;nombre
fondos;nombre
tradición;nombre
diferente;adjetivo
piensa;verbo
tecnología;nombre
mantiene;verbo
situaciones;nombre
fase;nombre
histórico;adjetivo
agentes;nombre
planta;nombre
venezuela;nombre
actuación;nombre
iban;verbo
actos;nombre
posibles;adjetivo
león;nombre
mamá;nombre
velocidad;nombre
familiares;nombre
especies;nombre
cabe;verbo
asamblea;nombre
comunidades;nombre
museo;nombre
conferencia;nombre
autoridad;nombre
sujeto;nombre
alfonso;nombre
tratar;verbo
hacerse;verbo
pérdida;nombre
dificultades;nombre
rato;nombre
pagar;verbo
colegio;nombre
sabes;verbo
l;nombre
personaje;nombre
áreas;nombre
audiencia;nombre
haga;verbo
periódico;nombre
distribución;nombre
ausencia;nombre
entrevista;nombre
recibió;verbo
añadió;verbo
cocina;nombre
edición;nombre
económicos;adjetivo
naturales;adjetivo
parecer;verbo
santo;nombre
vieja;adjetivo
mario;adjetivo
corresponde;verbo
decidió;verbo
perú;nombre
llegada;nombre
comienza;verbo
organizaciones;nombre
tendencia;nombre
escenario;nombre
definitiva;adjetivo
deberá;verbo
indicó;verbo
noticia;nombre
inglés;nombre
reina;nombre
ustedes;adjetivo
madera;nombre
alemán;adjetivo
habitantes;nombre
recibir;verbo
familias;nombre
miembro;nombre
escritor;nombre
conoce;verbo
cuidado;nombre
identidad;nombre
quiso;verbo
pareja;nombre
evidente;adjetivo
brasil;nombre
siguen;verbo
declaración;nombre
cadena;nombre
acaba;verbo
consiste;verbo
presentación;nombre
cuentas;nombre
azul;adjetivo
década;nombre
puertas;nombre
comida;nombre
inmediato;adjetivo
marca;nombre
antiguo;adjetivo
rojo;nombre
debemos;verbo
operaciones;nombre
iniciativa;nombre
caer;verbo
luna;nombre
veía;verbo
VERDADERO;adjetivo
habitación;nombre
manifestó;verbo
tío;nombre
quedado;adjetivo
martes;nombre
pleno;adjetivo
declaró;verbo
juegos;nombre
mínimo;adjetivo
aparición;nombre
estará;verbo
transporte;nombre
ven;verbo
pretende;verbo
sede;nombre
comportamiento;nombre
periodistas;nombre
animal;adjetivo
convertido;adjetivo
brazo;nombre
hermanos;nombre
rico;adjetivo
anunció;verbo
presupuesto;nombre
estrategia;nombre
naciones;nombre
utilizar;verbo
buenas;adjetivo
compromiso;nombre
completo;adjetivo
pelo;nombre
piedra;nombre
medicina;nombre
campos;nombre
liga;nombre
vaya;verbo
disposición;nombre
permanente;adjetivo
método;nombre
sentía;verbo
próxima;adjetivo
tierras;nombre
error;nombre
incremento;nombre
piso;nombre
socialistas;nombre
similar;adjetivo
viento;nombre
salvador;adjetivo
seres;nombre
dispuesto;adjetivo
poeta;nombre
económicas;adjetivo
secreto;nombre
funcionamiento;nombre
recordar;verbo
valencia;nombre
presentó;verbo
jueves;nombre
corriente;adjetivo
ingresos;nombre
intento;nombre
tuvieron;verbo
colores;nombre
altos;adjetivo
sevilla;nombre
hojas;nombre
búsqueda;nombre
pequeñas;adjetivo
oferta;nombre
washington;nombre
cataluña;nombre
oficina;nombre
produjo;verbo
soldados;nombre
pasada;adjetivo
volumen;nombre
parecen;verbo
causas;nombre
dieron;verbo
división;nombre
darle;verbo
clave;nombre
ana;nombre
reciente;adjetivo
votos;nombre
logró;verbo
piernas;nombre
sirve;verbo
carmen;nombre
deuda;nombre
noticias;nombre
menores;adjetivo
querido;adjetivo
pago;nombre
fig;nombre
recuerda;verbo
podrán;verbo
independencia;nombre
ataque;nombre
necesaria;adjetivo
quedan;verbo
regional;adjetivo
castro;nombre
decisiones;nombre
concepción;nombre
llegaron;verbo
siente;verbo
juntos;adjetivo
sabemos;verbo
ropa;nombre
parque;nombre
empresarios;nombre
procedimiento;nombre
suma;verbo
elección;nombre
leer;verbo
feliz;adjetivo
continuación;nombre
ministros;nombre
verdadera;adjetivo
reacción;nombre
podían;verbo
tomó;verbo
mente;nombre
tradicional;adjetivo
abierta;adjetivo
breve;adjetivo
aparecen;verbo
trataba;verbo
recibido;adjetivo
mejorar;verbo
cárcel;nombre
entidad;nombre
investigaciones;nombre
temperatura;nombre
siento;verbo
londres;nombre
directa;adjetivo
portavoz;nombre
eta;nombre
responsables;nombre
ventana;nombre
contrato;nombre
elemento;nombre
privada;adjetivo
veo;verbo
firma;nombre
incluye;verbo
pobres;adjetivo
vas;nombre
abogado;nombre
presentar;verbo
gobernador;nombre
próximos;adjetivo
jaime;nombre
hablando;verbo
canal;adjetivo
tráfico;nombre
capitán;nombre
personalidad;nombre
género;nombre
generación;nombre
documentos;nombre
espectáculo;nombre
vivo;adjetivo
tendría;verbo
preguntas;nombre
colaboración;nombre
hermana;nombre
conde;nombre
federación;nombre
sorpresa;nombre
regiones;nombre
carga;nombre
bienes;nombre
masa;nombre
cartas;nombre
reyes;nombre
puestos;nombre
sombra;nombre
andrés;verbo
criterios;nombre
abrir;verbo
filosofía;nombre
miró;verbo
negra;adjetivo
margen;nombre
artista;nombre
constante;adjetivo
encontraba;verbo
gastos;nombre
morir;verbo
espacios;nombre
figuras;nombre
miércoles;nombre
venido;adjetivo
indica;verbo
comienzo;nombre
diseño;nombre
encontró;verbo
poesía;nombre
planes;nombre
negocios;nombre
integración;nombre
caída;nombre
entrega;nombre
hacienda;nombre
acuerdos;nombre
preciso;adjetivo
cuello;nombre
banda;nombre
realiza;verbo
frase;nombre
bases;nombre
siglos;nombre
decidido;adjetivo
sentir;verbo
artistas;nombre
asegura;verbo
culpa;nombre
original;adjetivo
unidades;nombre
ocurrió;verbo
sexo;nombre
entra;verbo
hayan;verbo
resolver;verbo
misión;nombre
caja;nombre
considerar;verbo
extranjeros;adjetivo
extremo;nombre
periodista;nombre
reducción;nombre
matrimonio;nombre
quieres;nombre
mas;nombre
películas;nombre
laboral;adjetivo
importa;verbo
seguía;verbo
negocio;nombre
sexual;adjetivo
enseñanza;nombre
agregó;verbo
labios;nombre
resolución;nombre
fundación;nombre
hará;verbo
depende;verbo
diego;adjetivo
actor;nombre
técnicos;nombre
belleza;nombre
titular;nombre
roma;nombre
logrado;adjetivo
víctimas;nombre
detalles;nombre
europeos;nombre
caballo;nombre
huelga;nombre
carretera;nombre
norteamericano;adjetivo
producir;verbo
antigua;adjetivo
alianza;nombre
físico;adjetivo
sacar;verbo
publicidad;nombre
previsto;adjetivo
entorno;nombre
preocupación;nombre
resistencia;nombre
murió;verbo
saben;verbo
dormir;verbo
individuo;nombre
cuerpos;nombre
corto;adjetivo
organismos;nombre
especiales;adjetivo
internet;nombre
bancos;nombre
jugador;nombre
esfuerzos;nombre
beneficios;nombre
terminar;verbo
equilibrio;nombre
oído;adjetivo
lectura;nombre
piezas;nombre
límites;nombre
abre;verbo
david;adjetivo
llevado;adjetivo
privado;adjetivo
salón;nombre
roberto;nombre
actuales;adjetivo
graves;adjetivo
sonrisa;nombre
foto;nombre
perspectiva;nombre
cifra;nombre
crédito;nombre
interesante;adjetivo
constitucional;adjetivo
aceptar;verbo
producido;adjetivo
bolsa;nombre
factor;nombre
noches;nombre
reconocimiento;nombre
juventud;nombre
habitual;adjetivo
categoría;nombre
requiere;verbo
fuese;verbo
impresión;nombre
llamar;verbo
duro;adjetivo
universal;adjetivo
explicar;verbo
presentan;verbo
realización;nombre
rápido;adjetivo
científicos;nombre
serio;adjetivo
científico;adjetivo
comprender;verbo
reino;adjetivo
preparación;nombre
síntomas;nombre
recuperación;nombre
utilización;nombre
fuertes;adjetivo
sonido;nombre
inteligencia;nombre
conversación;nombre
establece;verbo
hubiese;verbo
plena;adjetivo
venía;verbo
realizó;verbo
aznar;verbo
daniel;adjetivo
francesa;adjetivo
legal;adjetivo
abrió;verbo
alegría;nombre
ojo;nombre
ocurrido;adjetivo
díaz;nombre
vuelto;adjetivo
diputado;nombre
correspondiente;adjetivo
interna;adjetivo
musical;adjetivo
segundos;nombre
empieza;verbo
decreto;nombre
china;adjetivo
pareció;verbo
células;nombre
suelen;verbo
azúcar;nombre
inversiones;nombre
concentración;nombre
espalda;nombre
producen;verbo
democrática;adjetivo
respondió;verbo
sucede;verbo
contexto;nombre
paredes;nombre
motivos;nombre
ciencias;nombre
tuve;verbo
isabel;nombre
argentino;adjetivo
inicio;nombre
mercados;nombre
métodos;nombre
estudiar;verbo
interpretación;nombre
culturales;adjetivo
prisión;nombre
llevan;verbo
amplio;adjetivo
queremos;verbo
apertura;nombre
dedos;nombre
vale;verbo
creer;verbo
voto;nombre
participar;verbo
corrupción;nombre
histórica;adjetivo
teresa;nombre
papá;nombre
voces;nombre
pienso;verbo
ángel;nombre
inicial;adjetivo
escala;nombre
estrellas;nombre
página;nombre
guatemala;nombre
temor;nombre
encontrado;adjetivo
compra;nombre
pensó;verbo
dudas;nombre
reconocer;verbo
máxima;adjetivo
actuar;verbo
reales;adjetivo
universo;nombre
directo;adjetivo
negociaciones;nombre
ricardo;verbo
instalaciones;nombre
artículos;nombre
aparato;nombre
lleno;adjetivo
intelectual;adjetivo
cifras;nombre
jardín;nombre
vacío;nombre
ciclo;nombre
valle;nombre
pensaba;verbo
forman;verbo
dirigente;adjetivo
pide;verbo
vehículos;nombre
cuestiones;nombre
puesta;adjetivo
llamó;verbo
ruiz;nombre
mostró;verbo
pecho;nombre
honor;nombre
pedir;verbo
formar;verbo
numerosos;adjetivo
extraño;adjetivo
recurso;nombre
independiente;adjetivo
posiciones;nombre
sociedades;nombre
exteriores;adjetivo
cita;nombre
periodo;nombre
propuestas;nombre
empleados;nombre
teniendo;verbo
agencia;nombre
cuadros;nombre
partida;adjetivo
tensión;nombre
raúl;verbo
mirar;verbo
rica;adjetivo
mexicano;adjetivo
modelos;nombre
regreso;nombre
gobiernos;nombre
constituyen;verbo
absoluta;adjetivo
clima;nombre
criterio;nombre
latina;adjetivo
continúa;verbo
punta;nombre
amplia;adjetivo
registro;nombre
sesión;nombre
patria;nombre
posee;verbo
entró;verbo
servir;verbo
lluvia;nombre
ganado;nombre
pasando;verbo
construir;verbo
completa;adjetivo
personales;adjetivo
reducir;verbo
desarrollar;verbo
alcance;nombre
deporte;nombre
pacto;nombre
elaboración;nombre
quedaba;verbo
vicepresidente;nombre
alcohol;nombre
fórmula;nombre
inferior;adjetivo
tasa;nombre
expertos;nombre
extranjero;nombre
diciendo;verbo
olvidar;verbo
presentes;adjetivo
pensando;verbo
esperaba;verbo
código;nombre
cooperación;nombre
fotografía;nombre
batalla;nombre
alternativa;nombre
nacido;adjetivo
árboles;nombre
penal;adjetivo
llena;adjetivo
siguió;verbo
hablaba;verbo
turismo;nombre
papeles;nombre
menudo;nombre
angel;nombre
papa;nombre
populares;adjetivo
estación;nombre
sección;nombre
determinado;adjetivo
convertirse;nombre
global;adjetivo
negociación;nombre
instrumento;nombre
dura;adjetivo
significado;nombre
intensidad;nombre
posterior;adjetivo
múltiples;adjetivo
gas;nombre
hierro;nombre
seguido;adjetivo
conseguido;adjetivo
di;verbo
soledad;nombre
mirando;verbo
presentado;adjetivo
instrumentos;nombre
supo;verbo
disco;nombre
festival;nombre
llegan;verbo
mezcla;nombre
drogas;nombre
vivienda;nombre
escuchar;verbo
coronel;adjetivo
ideal;adjetivo
cáncer;nombre
textos;nombre
hambre;nombre
solidaridad;nombre
vicente;adjetivo
continuar;verbo
porcentaje;nombre
artes;nombre
vienen;verbo
iii;adjetivo
villa;nombre
nicaragua;nombre
hacían;verbo
lector;nombre
estructuras;nombre
venir;verbo
castillo;nombre
opción;nombre
comentó;verbo
sindicatos;nombre
ganó;verbo
amenaza;verbo
representante;nombre
comerciales;adjetivo
puedes;nombre
planeta;nombre
perdió;verbo
beneficio;nombre
miami;nombre
buscando;verbo
sentimientos;nombre
comprar;verbo
quedar;verbo
accidente;nombre
ventaja;nombre
impuesto;adjetivo
dejando;verbo
distinto;adjetivo
tía;nombre
semejante;adjetivo
españolas;adjetivo
occidental;adjetivo
capaces;adjetivo
científica;adjetivo
tengan;verbo
ruido;nombre
individuos;nombre
víctima;nombre
vestido;adjetivo
comunista;adjetivo
moda;nombre
títulos;nombre
diagnóstico;nombre
experiencias;nombre
espejo;nombre
puente;nombre
ingreso;nombre
sueños;nombre
vehículo;nombre
convierte;verbo
viejos;adjetivo
empezar;verbo
profesores;nombre
pasión;nombre
basta;verbo
democrático;adjetivo
sintió;verbo
dijeron;verbo
comunes;adjetivo
sentimiento;nombre
sentencia;nombre
estatal;adjetivo
madrugada;nombre
moderna;adjetivo
impacto;nombre
complejo;adjetivo
denuncia;nombre
toro;nombre
víctor;nombre
tabla;nombre
delito;nombre
ventas;nombre
dominio;nombre
entidades;nombre
superiores;adjetivo
candidatos;nombre
gloria;nombre
índice;nombre
indios;nombre
raíz;nombre
john;nombre
xix;nombre
recordó;verbo
absoluto;adjetivo
agricultura;nombre
marcos;nombre
composición;nombre
joaquín;verbo
terminó;verbo
fueran;verbo
asistencia;nombre
explicación;nombre
torres;nombre
lógica;adjetivo
triste;adjetivo
avión;nombre
enfermo;nombre
excepción;nombre
habló;verbo
placer;nombre
humor;nombre
mecanismos;nombre
cerebro;nombre
caliente;adjetivo
excelente;adjetivo
darse;verbo
conocimientos;nombre
príncipe;nombre
religión;nombre
ganas;nombre
críticas;nombre
profunda;adjetivo
manifestaciones;nombre
dosis;nombre
baño;nombre
paro;nombre
profundo;adjetivo
conceptos;nombre
depresión;nombre
altas;adjetivo
pared;nombre
liberación;nombre
estrella;nombre
duración;nombre
perro;nombre
intentar;verbo
aumentar;verbo
asesinato;nombre
órdenes;nombre
ignacio;nombre
roja;adjetivo
permiten;verbo
despacho;nombre
añade;verbo
recibe;verbo
muchacho;nombre
considerado;adjetivo
conversaciones;nombre
tendrán;verbo
definición;nombre
viven;verbo
consideran;verbo
restos;nombre
tomado;adjetivo
estadio;nombre
actores;nombre
debió;verbo
conviene;verbo
errores;nombre
negros;nombre
humanidad;nombre
individual;adjetivo
hogar;nombre
conocida;adjetivo
acontecimientos;nombre
minuto;nombre
millón;nombre
pantalla;nombre
estadounidense;adjetivo
progreso;nombre
inició;verbo
pieza;nombre
firme;adjetivo
fundamentales;adjetivo
olor;nombre
gracia;nombre
autonomía;nombre
esencial;adjetivo
exige;verbo
viva;adjetivo
norteamericana;adjetivo
nacimiento;nombre
polvo;nombre
castilla;nombre
impuestos;nombre
implica;verbo
utiliza;verbo
totalidad;nombre
discusión;nombre
italiano;adjetivo
postura;nombre
clientes;nombre
luces;nombre
encontramos;verbo
liberal;adjetivo
interno;adjetivo
dientes;nombre
compañero;nombre
cuento;verbo
virus;nombre
tareas;nombre
evaluación;nombre
máquina;nombre
funcionario;nombre
señalar;verbo
residencia;nombre
dolores;nombre
nació;verbo
sebastián;nombre
ánimo;nombre
caminos;nombre
torneo;nombre
acabar;verbo
gol;nombre
fracaso;nombre
recorrido;nombre
contiene;verbo
eficacia;nombre
policías;nombre
suárez;nombre
inglaterra;nombre
concreto;adjetivo
determinar;verbo
haberse;verbo
reglas;nombre
clinton;nombre
ríos;nombre
redacción;nombre
localidad;nombre
escuelas;nombre
distinta;adjetivo
seguida;adjetivo
paisaje;nombre
comprobar;verbo
numerosas;adjetivo
creciente;adjetivo
hernández;nombre
serían;verbo
césar;adjetivo
crimen;nombre
conocía;verbo
pintor;nombre
propiedades;nombre
cierre;nombre
jueces;nombre
ofrecer;verbo
estaría;verbo
frontera;nombre
virgen;nombre
clasificación;nombre
municipales;adjetivo
marina;adjetivo
abuela;nombre
componentes;nombre
adecuada;adjetivo
resultó;verbo
esperando;verbo
oscuro;adjetivo
parecido;adjetivo
detenido;adjetivo
gasto;nombre
malo;adjetivo
pura;adjetivo
investigadores;nombre
cargos;nombre
cayó;verbo
pasaba;verbo
abandonar;verbo
sierra;nombre
lima;nombre
apareció;verbo
secretaría;verbo
pausa;nombre
prácticas;nombre
cortés;nombre
siguiendo;verbo
conclusión;nombre
habana;adjetivo
convirtió;verbo
hipótesis;nombre
editorial;adjetivo
petróleo;nombre
estén;verbo
playa;nombre
invierno;nombre
convenio;nombre
infantil;adjetivo
extensión;nombre
horno;nombre
límite;adjetivo
elegido;adjetivo
concurso;nombre
japón;nombre
probable;adjetivo
observar;verbo
déficit;nombre
reconoce;verbo
anual;adjetivo
trabajando;verbo
responde;verbo
tren;nombre
presidencial;adjetivo
vías;nombre
interesa;verbo
supremo;adjetivo
enemigo;adjetivo
dificultad;nombre
similares;adjetivo
entiende;verbo
morales;adjetivo
alimentación;nombre
norma;nombre
mental;adjetivo
soluciones;nombre
adecuado;adjetivo
santos;nombre
amistad;nombre
derrota;nombre
consiguió;verbo
positivo;adjetivo
compañías;nombre
ejecución;nombre
expresó;verbo
embajador;nombre
tomás;nombre
dulce;nombre
promedio;nombre
letras;nombre
cuesta;verbo
academia;nombre
mando;nombre
costumbre;nombre
colectivo;adjetivo
piedras;nombre
rasgos;nombre
industriales;adjetivo
protesta;nombre
viajes;nombre
chica;nombre
periódicos;nombre
moneda;nombre
órganos;nombre
comunicado;nombre
mantenimiento;nombre
geografía;nombre
manejo;nombre
fría;adjetivo
patrimonio;nombre
antiguos;adjetivo
universidades;nombre
frecuente;adjetivo
oficio;nombre
ayudar;verbo
pedido;adjetivo
superar;verbo
auto;nombre
relato;nombre
unido;adjetivo
sentado;adjetivo
quisiera;verbo
detalle;nombre
quedaron;verbo
obligado;adjetivo
libres;adjetivo
panamá;nombre
acabó;verbo
aeropuerto;nombre
pobreza;nombre
reflexión;nombre
cumbre;nombre
imaginación;nombre
cubano;adjetivo
solar;adjetivo
costo;nombre
hubieran;verbo
tesis;nombre
catalán;adjetivo
armadas;nombre
hice;verbo
oír;verbo
dada;adjetivo
estabilidad;nombre
vaso;nombre
mecanismo;nombre
escribe;verbo
aprender;verbo
cambiado;adjetivo
bilbao;nombre
comandante;nombre
potencia;nombre
toros;nombre
puro;adjetivo
elegir;verbo
facultad;nombre
ocupa;verbo
patio;nombre
recuperar;verbo
corta;adjetivo
pase;nombre
necesarios;adjetivo
responder;verbo
reuniones;nombre
daño;nombre
trabaja;verbo
promoción;nombre
ingredientes;nombre
descubrir;verbo
viviendas;nombre
señal;nombre
clínica;adjetivo
tradicionales;adjetivo
loco;adjetivo
paseo;nombre
arena;nombre
consideración;nombre
deberán;verbo
esquema;nombre
creado;adjetivo
utilizado;adjetivo
establecido;adjetivo
concierto;nombre
manifestación;nombre
enfermos;nombre
rechazo;nombre
salido;adjetivo
dejan;verbo
israel;adjetivo
consciente;adjetivo
propone;verbo
manifiesto;nombre
publicado;adjetivo
ejemplos;nombre
llamaba;verbo
barco;nombre
usar;verbo
signo;nombre
afecta;verbo
árbol;nombre
riqueza;nombre
difusión;nombre
quiera;verbo
disciplina;nombre
vemos;verbo
felicidad;nombre
mejora;nombre
dirige;verbo
correr;verbo
dimensión;nombre
oscar;verbo
petición;nombre
transformación;nombre
notable;adjetivo
pista;nombre
andalucía;verbo
marta;nombre
realizada;adjetivo
aplicar;verbo
cena;nombre
eléctrica;adjetivo
enviado;adjetivo
modos;adjetivo
fortuna;nombre
conflictos;nombre
infancia;nombre
permitió;verbo
campesinos;nombre
tercero;adjetivo
desea;verbo
sida;nombre
obligación;nombre
colección;nombre
eficaz;adjetivo
exceso;nombre
evidencia;nombre
poderes;nombre
demostrar;verbo
muestran;verbo
protagonista;nombre
alcanza;verbo
recuerdos;nombre
montaña;nombre
dictadura;nombre
observa;verbo
indígenas;adjetivo
pasan;verbo
ortega;verbo
claridad;nombre
estuviera;verbo
consulta;nombre
financiero;adjetivo
inflación;nombre
senado;adjetivo
tropas;nombre
mexicana;adjetivo
correspondientes;adjetivo
levantó;verbo
vuelo;nombre
imperio;nombre
gana;verbo
agente;nombre
respuestas;nombre
civiles;adjetivo
pierde;verbo
moderno;adjetivo
homenaje;nombre
establecimiento;nombre
crea;verbo
fiestas;nombre
números;nombre
controlar;verbo
tratando;verbo
intenta;verbo
circulación;nombre
reserva;nombre
silla;nombre
franceses;nombre
expresa;verbo
escribió;verbo
virtud;nombre
satisfacción;nombre
huevos;nombre
vos;adjetivo
descenso;nombre
terrorismo;nombre
ecuador;nombre
chico;nombre
segura;adjetivo
contó;verbo
líderes;nombre
historias;nombre
galicia;nombre
acompañado;adjetivo
décadas;nombre
reconoció;verbo
hago;verbo
apartado;adjetivo
feria;nombre
rueda;nombre
usuarios;nombre
útil;adjetivo
emilio;adjetivo
cumplimiento;nombre
transición;nombre
campeón;nombre
xx;nombre
verse;verbo
defender;verbo
cuáles;adjetivo
hecha;adjetivo
remedio;nombre
ponen;verbo
debo;verbo
procedimientos;nombre
gritos;nombre
círculo;nombre
norteamericanos;nombre
rojas;adjetivo
dirigido;adjetivo
delitos;nombre
avenida;nombre
alonso;nombre
obtuvo;verbo
matar;verbo
cortes;nombre
grados;nombre
publicación;nombre
aprendizaje;nombre
motor;nombre
crítico;adjetivo
señores;nombre
muchacha;nombre
rumbo;nombre
trato;nombre
arquitectura;nombre
querer;verbo
encargado;adjetivo
pensé;verbo
distrito;nombre
rápida;adjetivo
campeonato;nombre
gabriel;adjetivo
maestros;nombre
reformas;nombre
explotación;nombre
católica;adjetivo
contenidos;nombre
sustancias;nombre
regresar;verbo
formado;adjetivo
creía;verbo
juzgado;adjetivo
bolivia;nombre
famoso;adjetivo
avance;nombre
particulares;adjetivo
usa;verbo
cerrar;verbo
aprobación;nombre
llamadas;adjetivo
termina;verbo
borde;adjetivo
fenómenos;nombre
of;nombre
metro;nombre
corrientes;nombre
dedicado;adjetivo
zaragoza;nombre
creen;verbo
ventajas;nombre
clásico;adjetivo
orquesta;nombre
oye;verbo
analizar;verbo
ernesto;adjetivo
cuentan;verbo
diarios;nombre
dueño;nombre
actitudes;nombre
bajar;verbo
telefónica;adjetivo
rusia;nombre
coalición;nombre
gustaría;verbo
cerrado;adjetivo
descubierto;adjetivo
urbano;adjetivo
atentado;nombre
deportivo;adjetivo
viendo;verbo
órgano;nombre
asociaciones;nombre
instalación;nombre
hombros;nombre
introducción;nombre
demostrado;adjetivo
determinados;adjetivo
mostrar;verbo
atmósfera;adjetivo
gentes;nombre
moreno;adjetivo
sabido;adjetivo
diga;verbo
vender;verbo
dejaba;verbo
polémica;nombre
guillermo;nombre
vacaciones;nombre
vidas;nombre
mediados;nombre
subir;verbo
iniciar;verbo
droga;nombre
asegurar;verbo
entusiasmo;nombre
prestigio;nombre
centrales;nombre
edificios;nombre
contestó;verbo
extraña;adjetivo
signos;nombre
cristo;adjetivo
permitir;verbo
sensibilidad;nombre
lógico;adjetivo
terminado;adjetivo
bar;nombre
comenzaron;verbo
ciudadano;nombre
actuaciones;nombre
especialistas;nombre
canciones;nombre
golpes;nombre
pertenece;verbo
legislación;nombre
delegación;nombre
dignidad;nombre
armada;adjetivo
unidas;adjetivo
citado;adjetivo
conveniente;adjetivo
empresario;nombre
llaman;verbo
presos;nombre
expansión;nombre
radical;adjetivo
advirtió;verbo
tomando;verbo
comenzar;verbo
detenidos;nombre
deseos;nombre
impulso;nombre
dispone;verbo
necesarias;adjetivo
esquina;nombre
productores;nombre
ponerse;verbo
destaca;verbo
mantuvo;verbo
cola;nombre
tuviera;verbo
inmediata;adjetivo
mexicanos;adjetivo
socios;nombre
bajas;nombre
informes;nombre
romero;nombre
jefes;nombre
argumento;nombre
cultivo;nombre
vivía;verbo
opiniones;nombre
reloj;nombre
habido;verbo
riesgos;nombre
meta;nombre
gonzalo;nombre
laboratorio;nombre
comunicaciones;nombre
medias;nombre
elena;nombre
escolar;adjetivo
danza;nombre
terrible;adjetivo
notas;nombre
entero;adjetivo
suave;adjetivo
alejandro;nombre
activa;adjetivo
dirigida;adjetivo
eje;nombre
variedad;nombre
canción;nombre
cantidades;nombre
orientación;nombre
fotos;nombre
definir;verbo
masas;nombre
tabaco;nombre
aventura;nombre
próximas;adjetivo
llegaba;verbo
conocidos;adjetivo
raíces;nombre
gravedad;nombre
blancos;nombre
gabinete;nombre
alfredo;nombre
municipio;nombre
arroz;nombre
potencial;adjetivo
islas;nombre
goles;nombre
oportunidades;nombre
estuvieron;verbo
caballero;nombre
colocar;verbo
comentarios;nombre
profundidad;nombre
comprensión;nombre
panorama;nombre
otan;verbo
revolucionario;adjetivo
síntesis;nombre
seno;nombre
anda;verbo
dependencia;nombre
primavera;nombre
aumenta;verbo
manifiesta;verbo
fruto;nombre
brillante;adjetivo
sindicato;nombre
fechas;nombre
torre;nombre
oscuridad;nombre
anuncio;nombre
intelectuales;nombre
ampliación;nombre
conservación;nombre
inicia;verbo
alcanzó;verbo
teniente;nombre
demuestra;verbo
salas;nombre
vital;adjetivo
pudieron;verbo
carreras;nombre
sabor;nombre
combate;nombre
lágrimas;nombre
disminución;nombre
plantea;verbo
provincial;adjetivo
miraba;verbo
caracas;nombre
situado;adjetivo
caballos;nombre
proteínas;nombre
biblioteca;nombre
recientes;adjetivo
jiménez;nombre
tasas;nombre
levanta;verbo
cuarta;adjetivo
taza;nombre
conclusiones;nombre
necesitan;verbo
negativa;adjetivo
dieta;nombre
alcanzado;adjetivo
andar;verbo
destacó;verbo
pilar;adjetivo
flor;nombre
suficientes;adjetivo
existentes;adjetivo
utilizan;verbo
ceremonia;nombre
abogados;nombre
mantienen;verbo
castellano;nombre
vivido;adjetivo
representan;verbo
cámaras;nombre
aparecer;verbo
dioses;nombre
programación;nombre
bogotá;nombre
médica;adjetivo
opciones;nombre
permiso;nombre
verdes;adjetivo
mensajes;nombre
participantes;nombre
sacó;verbo
profesión;nombre
senador;nombre
alvarez;nombre
convocatoria;nombre
largas;adjetivo
afirmar;verbo
arma;nombre
americano;adjetivo
provincias;nombre
proporción;nombre
rival;nombre
angustia;verbo
escasa;adjetivo
largos;adjetivo
granada;adjetivo
destrucción;nombre
europeas;adjetivo
podríamos;verbo
celebración;nombre
traje;nombre
parecían;verbo
jurídico;adjetivo
techo;nombre
elevado;adjetivo
financiera;adjetivo
jean;verbo
utilizando;verbo
cubrir;verbo
descanso;nombre
percepción;nombre
bosque;nombre
continuidad;nombre
británico;adjetivo
financiación;nombre
bienestar;nombre
afectados;nombre
consejero;nombre
dé;verbo
diría;verbo
descubrimiento;nombre
escándalo;nombre
estancia;nombre
seguros;adjetivo
argumentos;nombre
espero;verbo
deportes;nombre
informa;verbo
preparado;adjetivo
negó;verbo
añadir;verbo
corona;nombre
cabezas;nombre
cadáver;nombre
iguales;adjetivo
pendiente;adjetivo
relacionados;adjetivo
abuelo;nombre
decirle;verbo
oficinas;nombre
revisión;nombre
frecuentes;adjetivo
institucional;adjetivo
cae;verbo
previa;adjetivo
ricos;adjetivo
símbolo;nombre
sostiene;verbo
capa;nombre
temporal;adjetivo
vigilancia;nombre
mínima;adjetivo
columna;nombre
ves;verbo
ofrecen;verbo
acababa;verbo
determinada;adjetivo
ciu;nombre
salsa;nombre
ruta;nombre
cursos;nombre
huesos;nombre
permitido;adjetivo
difíciles;adjetivo
amiga;nombre
observación;nombre
escritores;nombre
asumir;verbo
sufrido;adjetivo
dejaron;verbo
guía;nombre
haría;verbo
nervioso;adjetivo
vivos;adjetivo
dimensiones;nombre
atender;verbo
contratos;nombre
fidel;adjetivo
bandera;nombre
quedarse;verbo
regular;verbo
india;adjetivo
presupuestos;nombre
rendimiento;nombre
igualdad;nombre
tocar;verbo
jurídica;adjetivo
confusión;nombre
sufrir;verbo
descripción;nombre
ilusión;nombre
bajos;adjetivo
actriz;nombre
perfil;nombre
malos;adjetivo
consideró;verbo
tiro;nombre
colonia;nombre
premios;nombre
espectadores;nombre
banesto;nombre
dedo;nombre
determinadas;adjetivo
humo;nombre
sujetos;nombre
oeste;nombre
espaldas;nombre
gira;nombre
hoja;adjetivo
integrantes;adjetivo
rural;adjetivo
nariz;nombre
esencia;nombre
cura;nombre
reducido;adjetivo
perfecto;adjetivo
intentó;verbo
gustavo;nombre
básicos;adjetivo
enemigos;nombre
muestras;nombre
insistió;verbo
letra;nombre
pescado;nombre
automóvil;nombre
testigos;nombre
toneladas;nombre
fama;nombre
impedir;verbo
eliminar;verbo
facilidad;nombre
templo;nombre
reservas;nombre
iglesias;nombre
privadas;adjetivo
logra;verbo
ofreció;verbo
electorales;adjetivo
existir;verbo
ópera;nombre
emoción;nombre
testigo;nombre
maneras;nombre
dato;nombre
ácido;nombre
banca;nombre
formal;adjetivo
canto;nombre
identificación;nombre
directiva;nombre
preparar;verbo
blancas;adjetivo
destacar;verbo
julián;nombre
núcleo;nombre
frases;nombre
hiciera;verbo
sencillo;adjetivo
colectiva;adjetivo
femenino;adjetivo
cristal;nombre
seco;adjetivo
débil;adjetivo
cebolla;nombre
federico;adjetivo
consigue;verbo
religiosa;adjetivo
pérdidas;nombre
realizan;verbo
plato;nombre
curiosidad;nombre
instancia;nombre
monte;nombre
ética;adjetivo
química;adjetivo
hablado;adjetivo
permita;verbo
merece;verbo
salen;verbo
pujol;nombre
desarrollado;adjetivo
daños;nombre
romper;verbo
alternativas;nombre
mediodía;nombre
externa;adjetivo
galería;nombre
fotografías;nombre
hablan;verbo
legales;adjetivo
desarrolla;verbo
habíamos;verbo
salto;nombre
art;nombre
gutiérrez;nombre
portugal;adjetivo
moscú;adjetivo
perros;nombre
plazas;nombre
responsabilidades;nombre
gil;verbo
ataques;nombre
positiva;adjetivo
tranquilo;adjetivo
toca;verbo
costumbres;nombre
adultos;nombre
obispo;nombre
acusado;adjetivo
incluyendo;verbo
odio;nombre
contactos;nombre
bomba;nombre
reacciones;nombre
vueltas;nombre
estábamos;verbo
desaparición;nombre
rincón;nombre
gris;adjetivo
hacemos;verbo
mercedes;nombre
intercambio;nombre
créditos;nombre
característica;adjetivo
heridos;nombre
comunistas;nombre
deberían;verbo
dirigió;verbo
sentirse;adjetivo
harina;nombre
dinámica;adjetivo
garantizar;verbo
tarjeta;nombre
consenso;nombre
financieros;nombre
llamados;adjetivo
secretos;nombre
debían;verbo
dispuestos;adjetivo
pensado;adjetivo
surge;verbo
pepe;nombre
existía;verbo
espectador;nombre
precisa;adjetivo
jurado;nombre
agencias;nombre
convencido;adjetivo
fiscales;adjetivo
córdoba;nombre
oreja;nombre
alemana;adjetivo
chicos;nombre
botella;nombre
femenina;adjetivo
examen;nombre
ambiental;adjetivo
pri;nombre
pasaron;verbo
contaba;verbo
barrios;nombre
llevaron;verbo
policial;adjetivo
invitados;nombre
entrenador;nombre
risa;nombre
circunstancia;nombre
tendencias;nombre
etapas;nombre
roca;nombre
comparación;nombre
provoca;verbo
vieron;verbo
muñoz;nombre
autónoma;adjetivo
prevención;nombre
dama;nombre
líquido;nombre
estarán;verbo
xviii;adjetivo
decidir;verbo
tribunales;nombre
calma;nombre
comentario;nombre
tv;nombre
garantía;nombre
protagonistas;nombre
mandato;nombre
artística;adjetivo
obreros;nombre
quinto;nombre
imprescindible;adjetivo
retrato;nombre
cero;nombre
desaparecido;adjetivo
soviética;adjetivo
temperaturas;nombre
baile;nombre
curioso;adjetivo
fronteras;nombre
ensayo;nombre
desconocido;adjetivo
dichos;adjetivo
queso;nombre
vecino;adjetivo
empresarial;adjetivo
mueve;verbo
sanidad;nombre
medicamentos;nombre
organizado;adjetivo
izquierdo;adjetivo
conozco;verbo
lujo;nombre
terroristas;nombre
euros;nombre
americana;adjetivo
ayudas;nombre
coste;nombre
rosario;adjetivo
lectores;nombre
emergencia;nombre
clásica;adjetivo
reglamento;nombre
dará;verbo
sindical;adjetivo
raro;adjetivo
alimento;nombre
poblaciones;nombre
ronda;nombre
trastornos;nombre
kilos;nombre
necesitaba;verbo
obliga;verbo
nuclear;adjetivo
rigor;nombre
correo;nombre
estética;nombre
zapatos;nombre
ponía;verbo
intensa;adjetivo
bloque;nombre
sombras;nombre
transmisión;nombre
misterio;nombre
gustaba;verbo
cerró;verbo
inútil;adjetivo
palma;nombre
turno;nombre
aviones;nombre
uruguay;nombre
expectativas;nombre
comisiones;nombre
imaginar;verbo
grito;nombre
idioma;nombre
obtenido;adjetivo
realizadas;adjetivo
privados;adjetivo
antecedentes;nombre
cumple;verbo
provocar;verbo
síndrome;nombre
llorar;verbo
mariano;adjetivo
lorenzo;verbo
deber;verbo
ramas;nombre
planificación;nombre
revistas;nombre
tienda;nombre
embajada;adjetivo
lento;adjetivo
recoge;verbo
separación;nombre
resumen;nombre
beber;verbo
coches;nombre
actúa;verbo
terrenos;nombre
sentí;verbo
canales;nombre
caminar;verbo
firmado;adjetivo
salía;verbo
coordinación;nombre
cantante;nombre
precisión;nombre
caído;adjetivo
cercano;adjetivo
huevo;nombre
multitud;nombre
exigencias;nombre
sufrió;verbo
corre;verbo
sucedido;adjetivo
testimonio;nombre
apariencia;nombre
juega;verbo
estima;verbo
onu;nombre
infraestructura;nombre
posesión;nombre
trató;verbo
orgullo;nombre
previo;adjetivo
vigor;nombre
conocen;verbo
informaciones;nombre
madres;nombre
redes;nombre
contaminación;nombre
adquirir;verbo
sirven;verbo
venga;verbo
favorable;adjetivo
primaria;adjetivo
salinas;adjetivo
renuncia;nombre
accidentes;nombre
tránsito;nombre
heridas;nombre
comprende;verbo
cliente;nombre
confirmó;verbo
individuales;adjetivo
ordenó;verbo
solicitud;nombre
tragedia;nombre
levantar;verbo
comando;nombre
oriental;adjetivo
procedentes;adjetivo
detuvo;verbo
hagan;verbo
trayectoria;nombre
socialismo;nombre
religioso;adjetivo
bella;adjetivo
emisión;nombre
humanas;adjetivo
presiones;nombre
emperador;nombre
encuentros;nombre
facilitar;verbo
irse;verbo
terror;nombre
señales;nombre
tecnologías;nombre
documentación;nombre
espiritual;adjetivo
visitar;verbo
agrega;verbo
presidentes;nombre
encontrarse;verbo
acceder;verbo
saca;verbo
entiendo;verbo
olvidado;adjetivo
condena;nombre
daban;verbo
respaldo;nombre
pnv;nombre
sufre;verbo
tristeza;nombre
regionales;adjetivo
existente;adjetivo
pudieran;verbo
orgánica;adjetivo
arco;nombre
cambia;verbo
castigo;nombre
valladolid;nombre
ruptura;nombre
amante;nombre
directores;nombre
tejido;adjetivo
disposiciones;nombre
montañas;nombre
publicó;verbo
intenso;adjetivo
taller;nombre
et;nombre
km;nombre
balance;nombre
frutas;nombre
exportaciones;nombre
ramírez;nombre
restaurante;nombre
demandas;nombre
funciona;verbo
habrían;verbo
trabajan;verbo
cubana;adjetivo
municipios;nombre
luisa;nombre
suponer;verbo
lesiones;nombre
refleja;verbo
finalidad;nombre
urgencia;nombre
adolfo;nombre
alemanes;nombre
negativo;adjetivo
independientes;adjetivo
renovación;nombre
regla;nombre
incluido;adjetivo
alteraciones;nombre
ideología;nombre
modificaciones;nombre
incidencia;nombre
encontraron;verbo
muchachos;nombre
materias;nombre
enormes;adjetivo
escritura;nombre
fábrica;nombre
uniforme;adjetivo
variables;nombre
crónica;adjetivo
ventanas;nombre
guerrilla;nombre
mentira;nombre
tranquilidad;nombre
camisa;nombre
recoger;verbo
auténtico;adjetivo
fiel;adjetivo
max;verbo
sustancia;nombre
permitirá;verbo
catalana;adjetivo
instrucciones;nombre
decían;verbo
claras;adjetivo
mendoza;nombre
salarios;nombre
conquista;nombre
candidatura;nombre
embarazo;nombre
vergüenza;nombre
incorporación;nombre
limpieza;nombre
cristina;nombre
terrorista;nombre
resultaba;verbo
corresponsal;nombre
ingeniero;nombre
poema;nombre
mancha;nombre
adaptación;nombre
ansiedad;nombre
sostuvo;verbo
limón;nombre
luchar;verbo
permanecer;verbo
dólar;nombre
quinta;adjetivo
escalera;nombre
humedad;nombre
canadá;nombre
consejos;nombre
maíz;nombre
patrón;nombre
rodrigo;adjetivo
sexuales;adjetivo
hugo;adjetivo
detención;nombre
acercó;verbo
infección;nombre
aceptación;nombre
avances;nombre
gerente;nombre
combinación;nombre
entera;adjetivo
hombro;nombre
estatuto;nombre
asiento;nombre
empezaron;verbo
robert;verbo
cumplido;adjetivo
renta;nombre
santander;verbo
misa;nombre
pelota;nombre
rodillas;nombre
prima;nombre
delgado;adjetivo
generaciones;nombre
sentidos;nombre
teorías;nombre
trae;verbo
cajas;nombre
cariño;nombre
competencias;nombre
desgracia;nombre
ejemplares;nombre
aprobado;adjetivo
específico;adjetivo
advierte;verbo
lee;verbo
frutos;nombre
peligroso;adjetivo
caribe;verbo
concluyó;verbo
veremos;verbo
domicilio;nombre
escucha;verbo
novia;nombre
caras;nombre
reflejo;nombre
diversidad;nombre
sienta;verbo
paco;nombre
suspensión;nombre
proyección;nombre
tiende;verbo
verlo;adjetivo
cometido;adjetivo
impide;verbo
consumidores;nombre
esperan;verbo
básica;adjetivo
nieve;nombre
asistir;verbo
llegue;verbo
agustín;adjetivo
narcotráfico;nombre
paquete;nombre
atlético;adjetivo
vocación;nombre
conduce;verbo
intenciones;nombre
soldado;adjetivo
defensor;nombre
planos;nombre
hacerle;verbo
lados;nombre
literaria;adjetivo
argentinos;adjetivo
amparo;nombre
inteligente;adjetivo
afirmación;nombre
catedral;adjetivo
guerrero;nombre
viajar;verbo
definitivo;adjetivo
gato;nombre
cm;nombre
repetir;verbo
salvar;verbo
gestos;nombre
inevitable;adjetivo
empleado;adjetivo
coro;nombre
asturias;nombre
rubio;adjetivo
suprema;adjetivo
descubrió;verbo
echar;verbo
integral;adjetivo
quede;verbo
aprovechar;verbo
cubierta;adjetivo
acudir;verbo
archivo;nombre
define;verbo
corresponden;verbo
encontraban;verbo
inmensa;adjetivo
mapa;adjetivo
sergio;nombre
hilo;nombre
navarro;nombre
explicaciones;nombre
bolsillo;nombre
críticos;nombre
ocupar;verbo
activo;adjetivo
buscan;verbo
convivencia;nombre
realizados;adjetivo
suiza;adjetivo
and;nombre
continuó;verbo
península;nombre
urbana;adjetivo
olvido;nombre
ejercer;verbo
tela;verbo
pasajeros;nombre
auténtica;adjetivo
caza;nombre
navarra;adjetivo
socio;nombre
escrita;adjetivo
querían;verbo
piano;nombre
florida;adjetivo
obligaciones;nombre
enfrentamiento;nombre
talento;nombre
desierto;nombre
pierna;nombre
comienzos;nombre
vientos;nombre
comisario;nombre
alza;nombre
honduras;nombre
bosques;nombre
cristiana;adjetivo
propuso;verbo
otoño;nombre
leído;adjetivo
posteriores;adjetivo
doctrina;nombre
sucesos;adjetivo
visitas;nombre
expresar;verbo
prado;adjetivo
fija;adjetivo
abiertos;adjetivo
cadenas;nombre
hermosa;adjetivo
jornadas;nombre
intentos;nombre
relativa;adjetivo
artístico;adjetivo
poniendo;verbo
extremos;nombre
provocó;verbo
concesión;nombre
teníamos;verbo
halla;verbo
juvenil;adjetivo
sucedió;verbo
espacial;adjetivo
agrícola;adjetivo
destinado;adjetivo
mantenido;adjetivo
explosión;nombre
ajo;nombre
jordi;adjetivo
sirvió;verbo
parlamentario;adjetivo
diablo;nombre
grasa;nombre
incluyen;verbo
poseen;verbo
xvi;nombre
compuesto;adjetivo
determinación;nombre
viejas;nombre
conoció;verbo
parlamentarios;nombre
señalado;adjetivo
menem;nombre
salieron;verbo
generalitat;verbo
parar;verbo
raza;nombre
requisitos;nombre
vigente;adjetivo
compromisos;nombre
efectivo;adjetivo
utilidad;nombre
dichas;adjetivo
poemas;nombre
amenazas;nombre
negociar;verbo
singular;adjetivo
valoración;nombre
italiana;adjetivo
laborales;adjetivo
aficionados;nombre
lago;nombre
marcas;nombre
cubanos;adjetivo
regulación;nombre
apoyar;verbo
ordenador;nombre
extrema;adjetivo
ejercicios;nombre
encuesta;nombre
unida;adjetivo
aniversario;nombre
bretaña;nombre
variable;adjetivo
guarda;verbo
alegre;adjetivo
escenas;nombre
montaje;nombre
supongo;verbo
abandono;nombre
irene;verbo
modificación;nombre
eco;nombre
new;nombre
exilio;nombre
provocado;adjetivo
sesiones;nombre
nubes;nombre
paul;nombre
entrenamiento;nombre
espectacular;adjetivo
perfecta;adjetivo
extraordinario;adjetivo
dices;nombre
esposo;adjetivo
capitales;nombre
colombiano;adjetivo
modificar;verbo
muerta;adjetivo
extraordinaria;adjetivo
viviendo;verbo
distinguir;verbo
ocurrir;verbo
lanzó;verbo
decide;verbo
dibujo;nombre
épocas;nombre
entregó;verbo
físicas;adjetivo
locura;nombre
george;nombre
piloto;nombre
cerrada;adjetivo
comenzado;adjetivo
psicología;nombre
convertir;verbo
escritos;nombre
aragón;nombre
evento;nombre
músculos;nombre
circuito;nombre
incapaz;adjetivo
combatir;verbo
estómago;nombre
estudiante;nombre
subida;nombre
toledo;nombre
ahorro;nombre
retorno;nombre
promover;verbo
reciben;verbo
máquinas;nombre
sitios;nombre
corriendo;verbo
escapar;verbo
pensamientos;nombre
irán;verbo
muro;nombre
ocupación;nombre
permanece;verbo
gallego;adjetivo
pusieron;verbo
visual;adjetivo
iniciado;adjetivo
fiebre;nombre
rock;nombre
vargas;nombre
territorial;adjetivo
nacionalista;adjetivo
bruselas;nombre
contraste;nombre
enfrentar;verbo
pesca;nombre
internos;adjetivo
solos;adjetivo
fiscalía;nombre
selva;nombre
activos;nombre
votación;nombre
aceptó;verbo
introducir;verbo
condenado;adjetivo
novelas;nombre
secuestro;nombre
cantar;verbo
deterioro;nombre
platos;nombre
ruso;adjetivo
listas;nombre
magnitud;nombre
vázquez;nombre
conductor;nombre
culturas;nombre
identificar;verbo
instrucción;nombre
reparto;nombre
sonidos;nombre
abc;nombre
enfoque;nombre
margarita;adjetivo
adoptar;verbo
acusaciones;nombre
aquél;adjetivo
arturo;adjetivo
considerable;adjetivo
fusión;nombre
rivera;verbo
seguirá;verbo
resultan;verbo
simples;adjetivo
chino;adjetivo
debilidad;nombre
juntas;adjetivo
básico;adjetivo
propuesto;adjetivo
cardenal;nombre
estrategias;nombre
corporal;adjetivo
basura;nombre
entrado;adjetivo
históricos;nombre
normales;adjetivo
reconocido;adjetivo
cuentos;nombre
paciencia;nombre
plástico;adjetivo
bebé;nombre
herencia;nombre
visitantes;nombre
situada;adjetivo
eva;adjetivo
resultar;verbo
ficción;nombre
basada;adjetivo
abundante;adjetivo
compartir;verbo
hospitales;nombre
concluir;verbo
organizar;verbo
sencilla;adjetivo
canarias;nombre
genética;adjetivo
berlín;nombre
perdón;nombre
significativo;adjetivo
versiones;nombre
disfrutar;verbo
vanguardia;nombre
propietarios;nombre
culto;nombre
aplicaciones;nombre
azules;adjetivo
guión;nombre
tesoro;nombre
niega;verbo
celebrar;verbo
recordaba;verbo
equivalente;adjetivo
limitaciones;nombre
milagro;nombre
jugando;verbo
categorías;nombre
educativo;adjetivo
represión;nombre
sindicales;adjetivo
turistas;nombre
acusación;nombre
correcta;adjetivo
parejas;nombre
novedad;nombre
liberales;adjetivo
continua;adjetivo
hábitos;nombre
joan;adjetivo
delegado;nombre
recurrir;verbo
cualidades;nombre
costos;nombre
michael;adjetivo
universitario;adjetivo
expediente;nombre
perspectivas;nombre
expresiones;nombre
referencias;nombre
nace;verbo
cierra;verbo
denominado;adjetivo
cortar;verbo
garantías;nombre
envió;verbo
industrias;nombre
rapidez;nombre
carreteras;nombre
digital;adjetivo
impone;verbo
gregorio;adjetivo
crema;nombre
destacan;verbo
parcial;adjetivo
sitúa;verbo
conexión;nombre
gubernamental;adjetivo
versos;nombre
concreta;adjetivo
filas;nombre
desaparecer;verbo
retirada;adjetivo
decirse;verbo
soberanía;nombre
xvii;nombre
basado;adjetivo
núñez;nombre
anuales;adjetivo
chileno;adjetivo
mediterráneo;adjetivo
indispensable;adjetivo
periodismo;nombre
desempleo;nombre
balón;nombre
eeuu;verbo
músicos;nombre
prepara;verbo
sacerdote;nombre
muere;verbo
hijas;nombre
disponer;verbo
ejemplar;adjetivo
miseria;nombre
amarillo;adjetivo
creemos;verbo
deje;verbo
genera;verbo
restantes;adjetivo
bellas;nombre
sara;nombre
ama;nombre
episodio;nombre
bush;nombre
kg;nombre
ensayos;nombre
seguimiento;nombre
pertenecen;verbo
regresó;verbo
arquitecto;nombre
com;nombre
vega;nombre
llegando;verbo
abandonado;adjetivo
corporación;nombre
convicción;nombre
caracteriza;verbo
acepta;verbo
agenda;nombre
pasillo;nombre
sacrificio;nombre
adolescentes;nombre
americanos;nombre
alicia;nombre
regalo;nombre
aparente;adjetivo
musicales;nombre
universitaria;adjetivo
siga;verbo
ajuste;nombre
creador;nombre
colegios;nombre
fresco;adjetivo
indígena;nombre
lucía;verbo
estuve;verbo
herida;adjetivo
electricidad;nombre
generar;verbo
incluir;verbo
ramos;nombre
peña;nombre
pinturas;nombre
echó;verbo
félix;nombre
laura;nombre
afán;nombre
cambió;verbo
proteger;verbo
recinto;nombre
vuelven;verbo
decenas;nombre
vigencia;nombre
administrativo;adjetivo
niñas;nombre
usuario;nombre
hermoso;adjetivo
une;verbo
té;nombre
breves;adjetivo
muebles;nombre
cálculo;nombre
malas;adjetivo
propietario;nombre
puta;nombre
efectuar;verbo
fuimos;adjetivo
vivió;verbo
autónomas;adjetivo
fina;adjetivo
aparatos;nombre
basa;verbo
avanzar;verbo
longitud;nombre
arias;nombre
bajó;verbo
británica;adjetivo
directivos;nombre
planteamiento;nombre
colegas;nombre
secuencia;nombre
adolescente;nombre
relacionadas;adjetivo
urgente;adjetivo
culpable;adjetivo
pagos;nombre
film;adjetivo
herido;adjetivo
afectan;verbo
sombrero;nombre
caldo;nombre
vih;nombre
costado;adjetivo
negras;nombre
piensan;verbo
pendientes;adjetivo
serlo;adjetivo
afp;nombre
oscura;adjetivo
boda;nombre
calificó;verbo
quito;nombre
gala;nombre
agradable;adjetivo
efectiva;adjetivo
adquisición;nombre
tratados;nombre
verá;verbo
infierno;nombre
prevista;adjetivo
rayos;nombre
josep;verbo
roldán;adjetivo
contado;adjetivo
policiales;adjetivo
eliminación;nombre
estable;adjetivo
físicos;adjetivo
seca;adjetivo
observaciones;nombre
ancho;adjetivo
coloca;verbo
comedia;nombre
considerarse;nombre
administrativa;adjetivo
creó;verbo
elaborado;adjetivo
crecer;verbo
cristianos;nombre
pistola;nombre
cartera;nombre
respiración;nombre
nacionalistas;nombre
imponer;verbo
obrero;nombre
únicos;adjetivo
vientre;nombre
directora;nombre
poetas;nombre
aérea;adjetivo
azar;nombre
despertar;verbo
plataforma;nombre
ejecutiva;nombre
discutir;verbo
indican;verbo
visible;adjetivo
duque;nombre
mortalidad;nombre
marcado;adjetivo
acabado;adjetivo
preocupa;verbo
reproducción;nombre
específicos;adjetivo
sensible;adjetivo
territorios;nombre
genes;nombre
finanzas;nombre
entradas;nombre
piden;verbo
soportar;verbo
anunciado;adjetivo
autorización;nombre
consta;verbo
sofía;nombre
obtiene;verbo
orígenes;nombre
integrado;adjetivo
mierda;nombre
aprobó;verbo
centímetros;nombre
censura;nombre
cotidiana;adjetivo
interesados;adjetivo
penas;nombre
sorprendente;adjetivo
declarar;verbo
sospecha;verbo
circular;verbo
viuda;nombre
contempla;verbo
casado;adjetivo
específica;adjetivo
mesas;nombre
variaciones;nombre
rara;adjetivo
recepción;nombre
calendario;nombre
mecánica;adjetivo
salario;nombre
mencionado;adjetivo
miel;nombre
excelencia;nombre
cementerio;nombre
dibujos;nombre
estadounidenses;adjetivo
cobertura;nombre
escaso;adjetivo
antiguas;adjetivo
brasileño;adjetivo
deportiva;adjetivo
señorita;adjetivo
habilidad;nombre
cerveza;nombre
estaciones;nombre
denuncias;nombre
ampliar;verbo
oxígeno;nombre
abiertas;adjetivo
apunta;verbo
fallo;nombre
leyenda;verbo
teatral;adjetivo
barra;nombre
fabricación;nombre
relacionado;adjetivo
servido;adjetivo
perdida;adjetivo
primo;nombre
traslado;adjetivo
refugio;nombre
representar;verbo
terapia;nombre
rama;verbo
formando;verbo
herramientas;nombre
judíos;nombre
trabajador;adjetivo
limpia;adjetivo
declarado;adjetivo
foro;nombre
utilizados;adjetivo
retiro;nombre
civilización;nombre
revela;verbo
sienten;verbo
alturas;nombre
colaboradores;nombre
complejidad;nombre
fuga;nombre
gramos;nombre
guerras;nombre
literario;adjetivo
automóviles;nombre
suena;verbo
estatales;adjetivo
cuántos;nombre
inferiores;adjetivo
sometido;adjetivo
aves;nombre
giro;nombre
judiciales;adjetivo
universitarios;nombre
gritó;verbo
solitario;adjetivo
doy;verbo
salamanca;adjetivo
componente;adjetivo
decirlo;nombre
fantasía;nombre
estrecha;adjetivo
mariana;adjetivo
habituales;adjetivo
vea;verbo
cuartos;nombre
parlamentaria;adjetivo
pregunté;verbo
soporte;nombre
conservar;verbo
dominicana;adjetivo
toman;verbo
campañas;nombre
esenciales;adjetivo
faltaba;verbo
pensiones;nombre
atractivo;adjetivo
lenguas;nombre
gal;nombre
insiste;verbo
angeles;nombre
esperanzas;nombre
cuartel;nombre
prevé;verbo
docentes;nombre
interesado;adjetivo
ángeles;nombre
facultades;nombre
construido;adjetivo
continuo;adjetivo
duró;verbo
herrera;nombre
certeza;nombre
correcto;adjetivo
nombrado;adjetivo
realizará;verbo
semejantes;adjetivo
dirigir;verbo
pacífico;adjetivo
ilegal;adjetivo
burgos;nombre
empezado;adjetivo
llevaban;verbo
mostrado;adjetivo
cercana;adjetivo
guardias;nombre
mito;nombre
venían;verbo
presentarse;verbo
famosa;adjetivo
normativa;nombre
absurdo;adjetivo
colón;nombre
fórmulas;nombre
afectado;adjetivo
futura;adjetivo
aclarar;verbo
récord;nombre
extranjera;adjetivo
amo;verbo
contemplar;verbo
tecnológico;adjetivo
vidrio;nombre
cintura;nombre
medina;nombre
religiosas;adjetivo
alba;nombre
ocupado;adjetivo
pájaros;nombre
hermanas;nombre
secundaria;nombre
clubes;nombre
plantilla;nombre
básicas;adjetivo
crece;verbo
increíble;adjetivo
nave;nombre
reto;nombre
adn;nombre
vegetales;nombre
enviar;verbo
llevando;verbo
héroe;nombre
celebrado;adjetivo
criminal;adjetivo
palmas;nombre
rocas;nombre
contribuir;verbo
lenta;adjetivo
llave;nombre
haces;nombre
sube;verbo
canciller;nombre
relieve;nombre
ajeno;adjetivo
hielo;nombre
leve;adjetivo
obtenidos;adjetivo
cuenca;nombre
incendio;nombre
barcos;nombre
drama;nombre
paraíso;nombre
poderoso;adjetivo
especialista;nombre
rango;nombre
dispuesta;adjetivo
exclusiva;adjetivo
supervivencia;nombre
toque;nombre
metido;adjetivo
internas;adjetivo
clásicos;nombre
elevada;adjetivo
oyó;verbo
sucesión;nombre
racional;adjetivo
habitaciones;nombre
estando;verbo
intervenir;verbo
ascenso;nombre
solas;adjetivo
asistentes;nombre
antena;adjetivo
publicaciones;nombre
vera;nombre
costes;nombre
electrónico;adjetivo
entran;verbo
subió;verbo
capitalismo;nombre
beso;nombre
almuerzo;nombre
establecimientos;nombre
considerada;adjetivo
mire;verbo
presentada;adjetivo
reduce;verbo
inquietud;nombre
afición;nombre
defectos;nombre
elaborar;verbo
fomento;nombre
empezaba;verbo
intimidad;nombre
aporte;nombre
llegamos;verbo
presentaron;verbo
juana;adjetivo
solía;verbo
investigar;verbo
pimienta;nombre
acontecimiento;nombre
minas;nombre
consideraba;verbo
necesito;verbo
urss;nombre
lanza;verbo
minerales;adjetivo
rojos;nombre
entendido;adjetivo
aceptado;adjetivo
cancha;nombre
conservador;adjetivo
málaga;nombre
discos;nombre
retraso;nombre
compleja;adjetivo
académico;adjetivo
navidad;nombre
california;nombre
holanda;adjetivo
invitado;adjetivo
fases;nombre
pecado;nombre
sustitución;nombre
serrano;adjetivo
surgió;verbo
cristiano;adjetivo
monetaria;adjetivo
burguesía;nombre
lograron;verbo
semillas;nombre
comerciantes;nombre
agregar;verbo
recibieron;verbo
vencer;verbo
lesión;nombre
tarifas;nombre
agresión;nombre
vivimos;verbo
propaganda;nombre
árabe;adjetivo
aseguran;verbo
pág;verbo
precisó;verbo
trimestre;nombre
vitamina;nombre
religiosos;adjetivo
falsa;adjetivo
molina;nombre
llegué;verbo
cuadrados;nombre
repite;verbo
anuncia;verbo
cartel;nombre
tiendas;nombre
conserva;verbo
iniciativas;nombre
requieren;verbo
concejal;nombre
james;adjetivo
verla;nombre
estímulo;nombre
nombramiento;nombre
nervios;nombre
traducción;nombre
financieras;adjetivo
interesantes;adjetivo
metal;nombre
impuso;verbo
secretaria;nombre
tejidos;nombre
ortiz;verbo
decidieron;verbo
virtudes;nombre
destinados;adjetivo
incluidos;adjetivo
informática;nombre
perfección;nombre
incidente;nombre
silva;nombre
densidad;nombre
comedor;nombre
evita;verbo
consumidor;nombre
comenta;verbo
inocente;adjetivo
diaria;adjetivo
aliento;nombre
aplica;verbo
eléctrico;adjetivo
retirar;verbo
horario;nombre
virginia;nombre
específicas;adjetivo
significación;nombre
venezolano;adjetivo
sorprendido;adjetivo
pasados;adjetivo
comienzan;verbo
señalan;verbo
adquiere;verbo
felices;adjetivo
pinochet;nombre
sepa;verbo
emocional;adjetivo
pico;adjetivo
solicitar;verbo
excesiva;adjetivo
dominante;adjetivo
cabello;nombre
intentando;verbo
denomina;verbo
figuran;verbo
derivados;nombre
héctor;nombre
richard;nombre
distinción;nombre
entregar;verbo
ingleses;nombre
aprendido;adjetivo
exposiciones;nombre
ganador;nombre
carece;verbo
rubén;verbo
cigarrillo;nombre
entrevistas;nombre
mandatario;nombre
celebró;verbo
labores;nombre
listo;adjetivo
us;nombre
participaron;verbo
tomate;nombre
inés;nombre
sabían;verbo
armado;adjetivo
mantenerse;verbo
períodos;nombre
fraga;adjetivo
nacer;verbo
seria;adjetivo
discursos;nombre
cubierto;adjetivo
indio;nombre
inspección;nombre
ofensiva;nombre
alerta;nombre
barrera;nombre
emociones;nombre
paga;verbo
varones;nombre
atlántico;adjetivo
choque;nombre
grecia;nombre
pasta;nombre
efectivos;nombre
quedaban;verbo
admiración;nombre
bandas;nombre
espada;nombre
incertidumbre;nombre
claves;nombre
citada;adjetivo
extiende;verbo
manteca;nombre
comicios;nombre
mata;verbo
william;nombre
recorrer;verbo
subrayó;verbo
exportación;nombre
militantes;nombre
cuerda;nombre
suceso;nombre
celular;adjetivo
ucd;nombre
abandonó;verbo
justificar;verbo
procede;verbo
parto;verbo
k;nombre
probar;verbo
proporciona;verbo
contratación;nombre
costas;nombre
dormitorio;adjetivo
israelí;adjetivo
concretos;adjetivo
contemporánea;adjetivo
externo;adjetivo
inmigrantes;nombre
dormido;adjetivo
producirse;verbo
disminuir;verbo
aviso;nombre
conocidas;adjetivo
delegados;nombre
filme;nombre
lejano;adjetivo
cucharadas;nombre
contienen;verbo
irá;verbo
loca;adjetivo
indicar;verbo
pollo;nombre
gubernamentales;adjetivo
sanciones;nombre
asalto;nombre
estudia;verbo
relativo;adjetivo
duras;adjetivo
madrileño;adjetivo
inglesa;adjetivo
noble;adjetivo
sueldo;nombre
lección;nombre
murieron;verbo
tratan;verbo
destacado;adjetivo
referente;adjetivo
bello;adjetivo
concretas;adjetivo
aliados;nombre
faltan;verbo
fundamento;nombre
demostró;verbo
positivos;adjetivo
vidal;verbo
conocemos;verbo
noción;nombre
armonía;nombre
prefiere;verbo
sillón;nombre
admite;verbo
financiamiento;nombre
cucharada;adjetivo
invasión;nombre
libertades;nombre
pelea;nombre
escolares;nombre
ruedas;nombre
satisfacer;verbo
supuestos;adjetivo
alumno;nombre
fila;nombre
rabia;nombre
tocó;verbo
estadísticas;nombre
conciertos;nombre
asesor;nombre
cinta;nombre
esclavos;nombre
sabiduría;nombre
velázquez;nombre
conducir;verbo
encontré;verbo
productor;nombre
muros;nombre
cocción;nombre
oral;adjetivo
bolívar;verbo
rayo;nombre
carbón;nombre
educativa;adjetivo
exigir;verbo
italianos;adjetivo
dedica;verbo
cansancio;nombre
vestidos;adjetivo
amanecer;verbo
coinciden;verbo
gerardo;nombre
excepcional;adjetivo
personalidades;nombre
acumulación;nombre
afrontar;verbo
describe;verbo
disponibles;adjetivo
proceder;verbo
redondo;adjetivo
horror;nombre
copia;nombre
renunciar;verbo
dimisión;nombre
limpio;adjetivo
procedente;adjetivo
gráfico;nombre
quedará;verbo
cuota;nombre
tramo;nombre
carolina;adjetivo
cultivos;nombre
tratamientos;nombre
barro;nombre
grasas;nombre
sufren;verbo
pretenden;verbo
tablas;nombre
residuos;nombre
cádiz;verbo
intervenciones;nombre
promesa;nombre
volvieron;verbo
marqués;nombre
harán;verbo
participan;verbo
ponga;verbo
carro;nombre
flujo;nombre
originales;adjetivo
desnudo;nombre
interpretar;verbo
decisivo;adjetivo
entendimiento;nombre
llamas;nombre
tranquila;adjetivo
hueso;nombre
sentarse;verbo
memorias;nombre
transportes;nombre
incapacidad;nombre
pretendía;verbo
cirugía;nombre
dedicada;adjetivo
duros;adjetivo
mary;nombre
permitan;verbo
deseaba;verbo
direcciones;nombre
refugiados;nombre
aislamiento;nombre
artificial;adjetivo
católicos;nombre
talleres;nombre
orilla;nombre
camión;nombre
hoteles;nombre
informar;verbo
tumba;nombre
capítulos;nombre
ríe;verbo
marruecos;nombre
dueños;nombre
elegante;adjetivo
romano;adjetivo
célebre;adjetivo
diana;nombre
formada;adjetivo
miradas;nombre
jardines;nombre
publicada;adjetivo
realizando;verbo
comidas;nombre
útiles;adjetivo
carbono;nombre
oculta;adjetivo
web;nombre
bailar;verbo
irak;verbo
transcurso;nombre
actúan;verbo
colectivos;nombre
medir;verbo
orejas;nombre
conductas;nombre
empate;nombre
colonial;adjetivo
presa;nombre
rumores;nombre
apoya;verbo
guardar;verbo
hectáreas;nombre
sonrió;verbo
chicas;nombre
monarquía;nombre
operativo;adjetivo
preguntar;verbo
buscaba;verbo
definido;adjetivo
ciudadanía;nombre
paloma;nombre
concluye;verbo
vídeo;nombre
usos;nombre
vascos;nombre
robo;nombre
roto;adjetivo
volví;verbo
desayuno;nombre
respetar;verbo
compositor;nombre
respectivos;adjetivo
móvil;adjetivo
trama;nombre
tenis;nombre
complicado;adjetivo
desastre;adjetivo
ministra;nombre
asesinado;adjetivo
celebra;verbo
razonable;adjetivo
vayan;verbo
productividad;nombre
corredor;nombre
separado;adjetivo
alas;nombre
cuantas;nombre
domínguez;nombre
hechas;adjetivo
permitía;verbo
hablamos;verbo
alarma;nombre
atentados;nombre
moverse;verbo
fraude;nombre
mentales;adjetivo
seguidores;nombre
llevo;verbo
planteamientos;nombre
invitación;nombre
cálculos;nombre
catalanes;nombre
limitado;adjetivo
mantenía;verbo
onda;nombre
fray;nombre
acercarse;verbo
caos;nombre
exigencia;nombre
oviedo;nombre
reagan;verbo
griego;nombre
creyó;verbo
vano;adjetivo
sexto;adjetivo
intérpretes;nombre
protestas;nombre
sufrimiento;nombre
carnes;nombre
egipto;nombre
administraciones;nombre
calderón;adjetivo
desafío;nombre
antigüedad;nombre
tercio;nombre
estreno;nombre
áfrica;verbo
bahía;nombre
fortaleza;nombre
siguieron;verbo
vinos;nombre
fujimori;nombre
ingeniería;nombre
resultaron;verbo
garganta;nombre
masculino;adjetivo
sentada;adjetivo
quedando;verbo
majestad;nombre
rector;nombre
mínimos;nombre
modernos;adjetivo
experto;adjetivo
rosas;nombre
trajo;verbo
vela;nombre
cobre;nombre
permanencia;nombre
rescate;nombre
firmas;nombre
tensiones;nombre
confederación;nombre
problemática;adjetivo
recta;nombre
trabajaba;verbo
asia;nombre
extranjeras;adjetivo
llevará;verbo
detener;verbo
modalidad;nombre
guzmán;nombre
vegetal;adjetivo
chávez;nombre
jugo;nombre
terrestre;adjetivo
ángulo;nombre
tentación;nombre
coordinador;nombre
nerviosa;adjetivo
suicidio;nombre
acompaña;verbo
armados;adjetivo
rol;nombre
agrícolas;nombre
murcia;nombre
oliva;adjetivo
provisional;adjetivo
determina;verbo
evaluar;verbo
funcional;adjetivo
párrafo;nombre
patas;nombre
cruzar;verbo
huir;verbo
novio;nombre
aparecía;verbo
justa;adjetivo
manejar;verbo
caro;adjetivo
naranja;nombre
licenciado;adjetivo
rostros;nombre
barba;nombre
combustible;adjetivo
enfrenta;verbo
acero;nombre
adquirido;adjetivo
sorprendió;verbo
esfera;nombre
genio;nombre
bernardo;adjetivo
ira;nombre
vapor;nombre
satisfecho;adjetivo
símbolos;nombre
encuestas;nombre
lluvias;nombre
obtención;nombre
curva;nombre
bill;nombre
coca;nombre
guerrilleros;nombre
incrementar;verbo
medalla;nombre
nacionalidad;nombre
vigo;adjetivo
bebidas;nombre
trate;verbo
complejos;nombre
realizaron;verbo
preocupado;adjetivo
caracteres;nombre
estableció;verbo
formato;nombre
contemporáneo;adjetivo
registrado;adjetivo
convención;nombre
taxi;nombre
tronco;adjetivo
observó;verbo
apreciar;verbo
diera;verbo
consideraciones;nombre
empiezan;verbo
viena;verbo
dedicó;verbo
tardes;nombre
asociados;nombre
instalado;adjetivo
supuesta;adjetivo
tecnológica;adjetivo
transferencia;nombre
ámbitos;nombre
empeño;nombre
eugenio;nombre
vistas;nombre
arreglo;nombre
magistrado;nombre
notables;adjetivo
registros;nombre
jugó;verbo
