NUMERO;PALABRA;ORDEN
1;abajo;INICIO
2;abandonado;NORMAL
3;abandonar;NORMAL
4;abandono;NORMAL
5;abandonó;NORMAL
6;abc;NORMAL
7;abierta;NORMAL
8;abiertas;NORMAL
9;abierto;NORMAL
10;abiertos;NORMAL
11;abogado;NORMAL
12;abogados;NORMAL
13;abre;NORMAL
14;abril;NORMAL
15;abrir;NORMAL
16;abrió;NORMAL
17;absoluta;NORMAL
18;absolutamente;NORMAL
19;absoluto;NORMAL
20;absurdo;NORMAL
21;abuela;NORMAL
22;abuelo;NORMAL
23;abundante;NORMAL
24;acaba;NORMAL
25;acababa;NORMAL
26;acabado;NORMAL
27;acabar;NORMAL
28;acabó;NORMAL
29;academia;NORMAL
30;académico;NORMAL
31;acaso;NORMAL
32;acceder;NORMAL
33;acceso;NORMAL
34;accidente;NORMAL
35;accidentes;NORMAL
36;acciones;NORMAL
37;acción;NORMAL
38;aceite;NORMAL
39;acepta;NORMAL
40;aceptación;NORMAL
41;aceptado;NORMAL
42;aceptar;NORMAL
43;aceptó;NORMAL
44;acerca;NORMAL
45;acercarse;NORMAL
46;acercó;NORMAL
47;acero;NORMAL
48;aclarar;NORMAL
49;acompaña;NORMAL
50;acompañado;NORMAL
51;acontecimiento;NORMAL
52;acontecimientos;NORMAL
53;actitud;NORMAL
54;actitudes;NORMAL
55;activa;NORMAL
56;actividad;NORMAL
57;actividades;NORMAL
58;activo;NORMAL
59;activos;NORMAL
60;acto;NORMAL
61;actor;NORMAL
62;actores;NORMAL
63;actos;NORMAL
64;actriz;NORMAL
65;actuaciones;NORMAL
66;actuación;NORMAL
67;actual;NORMAL
68;actuales;NORMAL
69;actualidad;NORMAL
70;actualmente;NORMAL
71;actuar;NORMAL
72;actúa;NORMAL
73;actúan;NORMAL
74;acudir;NORMAL
75;acuerdo;NORMAL
76;acuerdos;NORMAL
77;acumulación;NORMAL
78;acusaciones;NORMAL
79;acusación;NORMAL
80;acusado;NORMAL
81;acá;NORMAL
82;adaptación;NORMAL
83;adecuada;NORMAL
84;adecuado;NORMAL
85;adelante;NORMAL
86;además;NORMAL
87;adentro;NORMAL
88;administraciones;NORMAL
89;administración;NORMAL
90;administrativa;NORMAL
91;administrativo;NORMAL
92;admiración;NORMAL
93;admite;NORMAL
94;adn;NORMAL
95;adolescente;NORMAL
96;adolescentes;NORMAL
97;adolfo;NORMAL
98;adoptar;NORMAL
99;adquiere;NORMAL
100;adquirido;NORMAL
101;adquirir;NORMAL
102;adquisición;NORMAL
103;adultos;NORMAL
104;advierte;NORMAL
105;advirtió;NORMAL
106;aeropuerto;NORMAL
107;afecta;NORMAL
108;afectado;NORMAL
109;afectados;NORMAL
110;afectan;NORMAL
111;aficionados;NORMAL
112;afición;NORMAL
113;afirma;NORMAL
114;afirmación;NORMAL
115;afirmar;NORMAL
116;afirmó;NORMAL
117;afp;NORMAL
118;afrontar;NORMAL
119;afuera;NORMAL
120;afán;NORMAL
121;agencia;NORMAL
122;agencias;NORMAL
123;agenda;NORMAL
124;agente;NORMAL
125;agentes;NORMAL
126;agosto;NORMAL
127;agradable;NORMAL
128;agrega;NORMAL
129;agregar;NORMAL
130;agregó;NORMAL
131;agresión;NORMAL
132;agricultura;NORMAL
133;agrícola;NORMAL
134;agrícolas;NORMAL
135;agua;NORMAL
136;aguas;NORMAL
137;agustín;NORMAL
138;ahora;NORMAL
139;ahorro;NORMAL
140;ahí;NORMAL
141;aire;NORMAL
142;aires;NORMAL
143;aislamiento;NORMAL
144;ajeno;NORMAL
145;ajo;NORMAL
146;ajuste;NORMAL
147;alarma;NORMAL
148;alas;NORMAL
149;alba;NORMAL
150;alberto;NORMAL
151;alcalde;NORMAL
152;alcance;NORMAL
153;alcanza;NORMAL
154;alcanzado;NORMAL
155;alcanzar;NORMAL
156;alcanzó;NORMAL
157;alcohol;NORMAL
158;alegre;NORMAL
159;alegría;NORMAL
160;alejandro;NORMAL
161;alemana;NORMAL
162;alemanes;NORMAL
163;alemania;NORMAL
164;alemán;NORMAL
165;alerta;NORMAL
166;alfonso;NORMAL
167;alfredo;NORMAL
168;aliados;NORMAL
169;alianza;NORMAL
170;alicia;NORMAL
171;aliento;NORMAL
172;alimentación;NORMAL
173;alimento;NORMAL
174;alimentos;NORMAL
175;allá;NORMAL
176;allí;NORMAL
177;alma;NORMAL
178;almuerzo;NORMAL
179;alonso;NORMAL
180;alrededor;NORMAL
181;alta;NORMAL
182;altas;NORMAL
183;alteraciones;NORMAL
184;alternativa;NORMAL
185;alternativas;NORMAL
186;alto;NORMAL
187;altos;NORMAL
188;altura;NORMAL
189;alturas;NORMAL
190;alumno;NORMAL
191;alumnos;NORMAL
192;alvarez;NORMAL
193;alza;NORMAL
194;ama;NORMAL
195;amanecer;NORMAL
196;amante;NORMAL
197;amarillo;NORMAL
198;ambiental;NORMAL
199;ambiente;NORMAL
200;amenaza;NORMAL
201;amenazas;NORMAL
202;americana;NORMAL
203;americano;NORMAL
204;americanos;NORMAL
205;amiga;NORMAL
206;amigo;NORMAL
207;amigos;NORMAL
208;amistad;NORMAL
209;amo;NORMAL
210;amor;NORMAL
211;amparo;NORMAL
212;amplia;NORMAL
213;ampliación;NORMAL
214;ampliar;NORMAL
215;amplio;NORMAL
216;américa;NORMAL
217;ana;NORMAL
218;analizar;NORMAL
219;ancho;NORMAL
220;and;NORMAL
221;anda;NORMAL
222;andalucía;NORMAL
223;andar;NORMAL
224;andrés;NORMAL
225;angel;NORMAL
226;angeles;NORMAL
227;angustia;NORMAL
228;animal;NORMAL
229;animales;NORMAL
230;aniversario;NORMAL
231;anoche;NORMAL
232;ansiedad;NORMAL
233;antecedentes;NORMAL
234;antena;NORMAL
235;anterior;NORMAL
236;anteriores;NORMAL
237;anteriormente;NORMAL
238;antes;NORMAL
239;antigua;NORMAL
240;antiguas;NORMAL
241;antiguo;NORMAL
242;antiguos;NORMAL
243;antigüedad;NORMAL
244;antonio;NORMAL
245;anual;NORMAL
246;anuales;NORMAL
247;anuncia;NORMAL
248;anunciado;NORMAL
249;anuncio;NORMAL
250;anunció;NORMAL
251;análisis;NORMAL
252;aparato;NORMAL
253;aparatos;NORMAL
254;aparece;NORMAL
255;aparecen;NORMAL
256;aparecer;NORMAL
257;apareció;NORMAL
258;aparecía;NORMAL
259;aparente;NORMAL
260;aparentemente;NORMAL
261;aparición;NORMAL
262;apariencia;NORMAL
263;apartado;NORMAL
264;aparte;NORMAL
265;apenas;NORMAL
266;apertura;NORMAL
267;aplica;NORMAL
268;aplicaciones;NORMAL
269;aplicación;NORMAL
270;aplicar;NORMAL
271;aporte;NORMAL
272;apoya;NORMAL
273;apoyar;NORMAL
274;apoyo;NORMAL
275;apreciar;NORMAL
276;aprender;NORMAL
277;aprendido;NORMAL
278;aprendizaje;NORMAL
279;aprobación;NORMAL
280;aprobado;NORMAL
281;aprobó;NORMAL
282;aprovechar;NORMAL
283;aproximadamente;NORMAL
284;apunta;NORMAL
285;aquél;NORMAL
286;aquí;NORMAL
287;aragón;NORMAL
288;archivo;NORMAL
289;arco;NORMAL
290;arena;NORMAL
291;argentina;NORMAL
292;argentino;NORMAL
293;argentinos;NORMAL
294;argumento;NORMAL
295;argumentos;NORMAL
296;arias;NORMAL
297;arma;NORMAL
298;armada;NORMAL
299;armadas;NORMAL
300;armado;NORMAL
301;armados;NORMAL
302;armas;NORMAL
303;armonía;NORMAL
304;arquitecto;NORMAL
305;arquitectura;NORMAL
306;arreglo;NORMAL
307;arriba;NORMAL
308;arroz;NORMAL
309;art;NORMAL
310;arte;NORMAL
311;artes;NORMAL
312;artificial;NORMAL
313;artista;NORMAL
314;artistas;NORMAL
315;arturo;NORMAL
316;artículo;NORMAL
317;artículos;NORMAL
318;artística;NORMAL
319;artístico;NORMAL
320;asalto;NORMAL
321;asamblea;NORMAL
322;ascenso;NORMAL
323;asegura;NORMAL
324;aseguran;NORMAL
325;asegurar;NORMAL
326;aseguró;NORMAL
327;asesinado;NORMAL
328;asesinato;NORMAL
329;asesor;NORMAL
330;asia;NORMAL
331;asiento;NORMAL
332;asimismo;NORMAL
333;asistencia;NORMAL
334;asistentes;NORMAL
335;asistir;NORMAL
336;asociaciones;NORMAL
337;asociación;NORMAL
338;asociados;NORMAL
339;aspecto;NORMAL
340;aspectos;NORMAL
341;asturias;NORMAL
342;asumir;NORMAL
343;asunto;NORMAL
344;asuntos;NORMAL
345;así;NORMAL
346;ataque;NORMAL
347;ataques;NORMAL
348;atención;NORMAL
349;atender;NORMAL
350;atentado;NORMAL
351;atentados;NORMAL
352;atlántico;NORMAL
353;atlético;NORMAL
354;atmósfera;NORMAL
355;atractivo;NORMAL
356;atrás;NORMAL
357;audiencia;NORMAL
358;aumenta;NORMAL
359;aumentar;NORMAL
360;aumento;NORMAL
361;aun;NORMAL
362;ausencia;NORMAL
363;auto;NORMAL
364;automóvil;NORMAL
365;automóviles;NORMAL
366;autonomía;NORMAL
367;autor;NORMAL
368;autores;NORMAL
369;autoridad;NORMAL
370;autoridades;NORMAL
371;autorización;NORMAL
372;auténtica;NORMAL
373;auténtico;NORMAL
374;autónoma;NORMAL
375;autónomas;NORMAL
376;avance;NORMAL
377;avances;NORMAL
378;avanzar;NORMAL
379;avenida;NORMAL
380;aventura;NORMAL
381;aves;NORMAL
382;aviones;NORMAL
383;aviso;NORMAL
384;avión;NORMAL
385;ayer;NORMAL
386;ayuda;NORMAL
387;ayudar;NORMAL
388;ayudas;NORMAL
389;ayuntamiento;NORMAL
390;azar;NORMAL
391;aznar;NORMAL
392;azul;NORMAL
393;azules;NORMAL
394;azúcar;NORMAL
395;aérea;NORMAL
396;añade;NORMAL
397;añadir;NORMAL
398;añadió;NORMAL
399;año;NORMAL
400;años;NORMAL
401;aún;NORMAL
402;b;INICIO
403;bahía;NORMAL
404;bailar;NORMAL
405;baile;NORMAL
406;baja;NORMAL
407;bajar;NORMAL
408;bajas;NORMAL
409;bajos;NORMAL
410;bajó;NORMAL
411;balance;NORMAL
412;balón;NORMAL
413;banca;NORMAL
414;banco;NORMAL
415;bancos;NORMAL
416;banda;NORMAL
417;bandas;NORMAL
418;bandera;NORMAL
419;banesto;NORMAL
420;bar;NORMAL
421;barba;NORMAL
422;barcelona;NORMAL
423;barco;NORMAL
424;barcos;NORMAL
425;barra;NORMAL
426;barrera;NORMAL
427;barrio;NORMAL
428;barrios;NORMAL
429;barro;NORMAL
430;basa;NORMAL
431;basada;NORMAL
432;basado;NORMAL
433;base;NORMAL
434;bases;NORMAL
435;basta;NORMAL
436;bastante;NORMAL
437;basura;NORMAL
438;batalla;NORMAL
439;baño;NORMAL
440;beber;NORMAL
441;bebidas;NORMAL
442;bebé;NORMAL
443;bella;NORMAL
444;bellas;NORMAL
445;belleza;NORMAL
446;bello;NORMAL
447;beneficio;NORMAL
448;beneficios;NORMAL
449;berlín;NORMAL
450;bernardo;NORMAL
451;beso;NORMAL
452;biblioteca;NORMAL
453;bien;NORMAL
454;bienes;NORMAL
455;bienestar;NORMAL
456;bilbao;NORMAL
457;blanca;NORMAL
458;blancas;NORMAL
459;blanco;NORMAL
460;blancos;NORMAL
461;bloque;NORMAL
462;boca;NORMAL
463;boda;NORMAL
464;bogotá;NORMAL
465;bolivia;NORMAL
466;bolsa;NORMAL
467;bolsillo;NORMAL
468;bolívar;NORMAL
469;bomba;NORMAL
470;borde;NORMAL
471;bosque;NORMAL
472;bosques;NORMAL
473;botella;NORMAL
474;brasil;NORMAL
475;brasileño;NORMAL
476;brazo;NORMAL
477;brazos;NORMAL
478;bretaña;NORMAL
479;breve;NORMAL
480;breves;NORMAL
481;brillante;NORMAL
482;británica;NORMAL
483;británico;NORMAL
484;bruselas;NORMAL
485;buen;NORMAL
486;buena;NORMAL
487;buenas;NORMAL
488;bueno;NORMAL
489;buenos;NORMAL
490;burgos;NORMAL
491;burguesía;NORMAL
492;busca;NORMAL
493;buscaba;NORMAL
494;buscan;NORMAL
495;buscando;NORMAL
496;buscar;NORMAL
497;bush;NORMAL
498;básica;NORMAL
499;básicamente;NORMAL
500;básicas;NORMAL
501;básico;NORMAL
502;básicos;NORMAL
503;búsqueda;NORMAL
504;c;INICIO
505;caballero;NORMAL
506;caballo;NORMAL
507;caballos;NORMAL
508;cabe;NORMAL
509;cabello;NORMAL
510;cabeza;NORMAL
511;cabezas;NORMAL
512;cabo;NORMAL
513;cadena;NORMAL
514;cadenas;NORMAL
515;cadáver;NORMAL
516;cae;NORMAL
517;caer;NORMAL
518;café;NORMAL
519;caja;NORMAL
520;cajas;NORMAL
521;calderón;NORMAL
522;caldo;NORMAL
523;calendario;NORMAL
524;calidad;NORMAL
525;caliente;NORMAL
526;calificó;NORMAL
527;california;NORMAL
528;calle;NORMAL
529;calles;NORMAL
530;calma;NORMAL
531;calor;NORMAL
532;cama;NORMAL
533;cambia;NORMAL
534;cambiado;NORMAL
535;cambiar;NORMAL
536;cambio;NORMAL
537;cambios;NORMAL
538;cambió;NORMAL
539;caminar;NORMAL
540;camino;NORMAL
541;caminos;NORMAL
542;camisa;NORMAL
543;camión;NORMAL
544;campaña;NORMAL
545;campañas;NORMAL
546;campeonato;NORMAL
547;campesinos;NORMAL
548;campeón;NORMAL
549;campo;NORMAL
550;campos;NORMAL
551;canadá;NORMAL
552;canal;NORMAL
553;canales;NORMAL
554;canarias;NORMAL
555;cancha;NORMAL
556;canciller;NORMAL
557;canciones;NORMAL
558;canción;NORMAL
559;candidato;NORMAL
560;candidatos;NORMAL
561;candidatura;NORMAL
562;cansancio;NORMAL
563;cantante;NORMAL
564;cantar;NORMAL
565;cantidad;NORMAL
566;cantidades;NORMAL
567;canto;NORMAL
568;caos;NORMAL
569;capa;NORMAL
570;capaces;NORMAL
571;capacidad;NORMAL
572;capaz;NORMAL
573;capital;NORMAL
574;capitales;NORMAL
575;capitalismo;NORMAL
576;capitán;NORMAL
577;capítulo;NORMAL
578;capítulos;NORMAL
579;cara;NORMAL
580;caracas;NORMAL
581;caracteres;NORMAL
582;caracteriza;NORMAL
583;característica;NORMAL
584;características;NORMAL
585;caras;NORMAL
586;carbono;NORMAL
587;carbón;NORMAL
588;cardenal;NORMAL
589;carece;NORMAL
590;carga;NORMAL
591;cargo;NORMAL
592;cargos;NORMAL
593;caribe;NORMAL
594;cariño;NORMAL
595;carlos;NORMAL
596;carmen;NORMAL
597;carne;NORMAL
598;carnes;NORMAL
599;caro;NORMAL
600;carolina;NORMAL
601;carrera;NORMAL
602;carreras;NORMAL
603;carretera;NORMAL
604;carreteras;NORMAL
605;carro;NORMAL
606;carta;NORMAL
607;cartas;NORMAL
608;cartel;NORMAL
609;cartera;NORMAL
610;carácter;NORMAL
611;casa;NORMAL
612;casado;NORMAL
613;casas;NORMAL
614;casi;NORMAL
615;caso;NORMAL
616;casos;NORMAL
617;castellano;NORMAL
618;castigo;NORMAL
619;castilla;NORMAL
620;castillo;NORMAL
621;castro;NORMAL
622;catalana;NORMAL
623;catalanes;NORMAL
624;cataluña;NORMAL
625;catalán;NORMAL
626;catedral;NORMAL
627;categoría;NORMAL
628;categorías;NORMAL
629;católica;NORMAL
630;católicos;NORMAL
631;causa;NORMAL
632;causas;NORMAL
633;cayó;NORMAL
634;caza;NORMAL
635;caída;NORMAL
636;caído;NORMAL
637;cebolla;NORMAL
638;celebra;NORMAL
639;celebración;NORMAL
640;celebrado;NORMAL
641;celebrar;NORMAL
642;celebró;NORMAL
643;celular;NORMAL
644;cementerio;NORMAL
645;cena;NORMAL
646;censura;NORMAL
647;central;NORMAL
648;centrales;NORMAL
649;centro;NORMAL
650;centros;NORMAL
651;centímetros;NORMAL
652;cerca;NORMAL
653;cercana;NORMAL
654;cercano;NORMAL
655;cerebro;NORMAL
656;ceremonia;NORMAL
657;cero;NORMAL
658;cerrada;NORMAL
659;cerrado;NORMAL
660;cerrar;NORMAL
661;cerró;NORMAL
662;certeza;NORMAL
663;cerveza;NORMAL
664;chica;NORMAL
665;chicas;NORMAL
666;chico;NORMAL
667;chicos;NORMAL
668;chile;NORMAL
669;chileno;NORMAL
670;china;NORMAL
671;chino;NORMAL
672;choque;NORMAL
673;chávez;NORMAL
674;ciclo;NORMAL
675;cielo;NORMAL
676;ciencia;NORMAL
677;ciencias;NORMAL
678;científica;NORMAL
679;científico;NORMAL
680;científicos;NORMAL
681;cierra;NORMAL
682;cierre;NORMAL
683;cierta;NORMAL
684;ciertamente;NORMAL
685;cierto;NORMAL
686;cifra;NORMAL
687;cifras;NORMAL
688;cigarrillo;NORMAL
689;cine;NORMAL
690;cinta;NORMAL
691;cintura;NORMAL
692;circuito;NORMAL
693;circulación;NORMAL
694;circular;NORMAL
695;circunstancia;NORMAL
696;circunstancias;NORMAL
697;cirugía;NORMAL
698;cita;NORMAL
699;citada;NORMAL
700;citado;NORMAL
701;ciu;NORMAL
702;ciudad;NORMAL
703;ciudadano;NORMAL
704;ciudadanos;NORMAL
705;ciudadanía;NORMAL
706;ciudades;NORMAL
707;civil;NORMAL
708;civiles;NORMAL
709;civilización;NORMAL
710;clara;NORMAL
711;claramente;NORMAL
712;claras;NORMAL
713;claridad;NORMAL
714;claro;NORMAL
715;clase;NORMAL
716;clases;NORMAL
717;clasificación;NORMAL
718;clave;NORMAL
719;claves;NORMAL
720;cliente;NORMAL
721;clientes;NORMAL
722;clima;NORMAL
723;clinton;NORMAL
724;club;NORMAL
725;clubes;NORMAL
726;clásica;NORMAL
727;clásico;NORMAL
728;clásicos;NORMAL
729;clínica;NORMAL
730;cm;NORMAL
731;coalición;NORMAL
732;cobertura;NORMAL
733;cobre;NORMAL
734;coca;NORMAL
735;cocción;NORMAL
736;coche;NORMAL
737;coches;NORMAL
738;cocina;NORMAL
739;coinciden;NORMAL
740;cola;NORMAL
741;colaboración;NORMAL
742;colaboradores;NORMAL
743;colección;NORMAL
744;colectiva;NORMAL
745;colectivo;NORMAL
746;colectivos;NORMAL
747;colegas;NORMAL
748;colegio;NORMAL
749;colegios;NORMAL
750;coloca;NORMAL
751;colocar;NORMAL
752;colombia;NORMAL
753;colombiano;NORMAL
754;colonia;NORMAL
755;colonial;NORMAL
756;color;NORMAL
757;colores;NORMAL
758;columna;NORMAL
759;colón;NORMAL
760;com;NORMAL
761;comandante;NORMAL
762;comando;NORMAL
763;combate;NORMAL
764;combatir;NORMAL
765;combinación;NORMAL
766;combustible;NORMAL
767;comedia;NORMAL
768;comedor;NORMAL
769;comenta;NORMAL
770;comentario;NORMAL
771;comentarios;NORMAL
772;comentó;NORMAL
773;comenzado;NORMAL
774;comenzar;NORMAL
775;comenzaron;NORMAL
776;comenzó;NORMAL
777;comer;NORMAL
778;comercial;NORMAL
779;comerciales;NORMAL
780;comerciantes;NORMAL
781;comercio;NORMAL
782;cometido;NORMAL
783;comicios;NORMAL
784;comida;NORMAL
785;comidas;NORMAL
786;comienza;NORMAL
787;comienzan;NORMAL
788;comienzo;NORMAL
789;comienzos;NORMAL
790;comisario;NORMAL
791;comisiones;NORMAL
792;comisión;NORMAL
793;comité;NORMAL
794;comparación;NORMAL
795;compartir;NORMAL
796;compañero;NORMAL
797;compañeros;NORMAL
798;compañía;NORMAL
799;compañías;NORMAL
800;competencia;NORMAL
801;competencias;NORMAL
802;compleja;NORMAL
803;complejidad;NORMAL
804;complejo;NORMAL
805;complejos;NORMAL
806;completa;NORMAL
807;completamente;NORMAL
808;completo;NORMAL
809;complicado;NORMAL
810;componente;NORMAL
811;componentes;NORMAL
812;comportamiento;NORMAL
813;composición;NORMAL
814;compositor;NORMAL
815;compra;NORMAL
816;comprar;NORMAL
817;comprende;NORMAL
818;comprender;NORMAL
819;comprensión;NORMAL
820;comprobar;NORMAL
821;compromiso;NORMAL
822;compromisos;NORMAL
823;compuesto;NORMAL
824;comunes;NORMAL
825;comunicaciones;NORMAL
826;comunicación;NORMAL
827;comunicado;NORMAL
828;comunidad;NORMAL
829;comunidades;NORMAL
830;comunista;NORMAL
831;comunistas;NORMAL
832;común;NORMAL
833;concejal;NORMAL
834;concentración;NORMAL
835;concepción;NORMAL
836;concepto;NORMAL
837;conceptos;NORMAL
838;concesión;NORMAL
839;conciencia;NORMAL
840;concierto;NORMAL
841;conciertos;NORMAL
842;concluir;NORMAL
843;conclusiones;NORMAL
844;conclusión;NORMAL
845;concluye;NORMAL
846;concluyó;NORMAL
847;concreta;NORMAL
848;concretamente;NORMAL
849;concretas;NORMAL
850;concreto;NORMAL
851;concretos;NORMAL
852;concurso;NORMAL
853;conde;NORMAL
854;condena;NORMAL
855;condenado;NORMAL
856;condiciones;NORMAL
857;condición;NORMAL
858;conduce;NORMAL
859;conducir;NORMAL
860;conducta;NORMAL
861;conductas;NORMAL
862;conductor;NORMAL
863;conexión;NORMAL
864;confederación;NORMAL
865;conferencia;NORMAL
866;confianza;NORMAL
867;confirmó;NORMAL
868;conflicto;NORMAL
869;conflictos;NORMAL
870;conforme;NORMAL
871;confusión;NORMAL
872;congreso;NORMAL
873;conjunto;NORMAL
874;conoce;NORMAL
875;conocemos;NORMAL
876;conocen;NORMAL
877;conocer;NORMAL
878;conocida;NORMAL
879;conocidas;NORMAL
880;conocido;NORMAL
881;conocidos;NORMAL
882;conocimiento;NORMAL
883;conocimientos;NORMAL
884;conoció;NORMAL
885;conocía;NORMAL
886;conozco;NORMAL
887;conquista;NORMAL
888;consciente;NORMAL
889;consecuencia;NORMAL
890;consecuencias;NORMAL
891;conseguido;NORMAL
892;conseguir;NORMAL
893;consejero;NORMAL
894;consejo;NORMAL
895;consejos;NORMAL
896;consenso;NORMAL
897;conserva;NORMAL
898;conservación;NORMAL
899;conservador;NORMAL
900;conservar;NORMAL
901;considera;NORMAL
902;consideraba;NORMAL
903;considerable;NORMAL
904;consideraciones;NORMAL
905;consideración;NORMAL
906;considerada;NORMAL
907;considerado;NORMAL
908;consideran;NORMAL
909;considerar;NORMAL
910;considerarse;NORMAL
911;consideró;NORMAL
912;consigo;NORMAL
913;consigue;NORMAL
914;consiguiente;NORMAL
915;consiguió;NORMAL
916;consiste;NORMAL
917;consta;NORMAL
918;constante;NORMAL
919;constantemente;NORMAL
920;constitucional;NORMAL
921;constitución;NORMAL
922;constituye;NORMAL
923;constituyen;NORMAL
924;construcción;NORMAL
925;construido;NORMAL
926;construir;NORMAL
927;consulta;NORMAL
928;consumidor;NORMAL
929;consumidores;NORMAL
930;consumo;NORMAL
931;contaba;NORMAL
932;contacto;NORMAL
933;contactos;NORMAL
934;contado;NORMAL
935;contaminación;NORMAL
936;contar;NORMAL
937;contempla;NORMAL
938;contemplar;NORMAL
939;contemporánea;NORMAL
940;contemporáneo;NORMAL
941;contenido;NORMAL
942;contenidos;NORMAL
943;contestó;NORMAL
944;contexto;NORMAL
945;contiene;NORMAL
946;contienen;NORMAL
947;continente;NORMAL
948;continua;NORMAL
949;continuación;NORMAL
950;continuar;NORMAL
951;continuidad;NORMAL
952;continuo;NORMAL
953;continuó;NORMAL
954;continúa;NORMAL
955;contrario;NORMAL
956;contraste;NORMAL
957;contratación;NORMAL
958;contrato;NORMAL
959;contratos;NORMAL
960;contribuir;NORMAL
961;control;NORMAL
962;controlar;NORMAL
963;contó;NORMAL
964;convencido;NORMAL
965;convención;NORMAL
966;conveniente;NORMAL
967;convenio;NORMAL
968;conversaciones;NORMAL
969;conversación;NORMAL
970;convertido;NORMAL
971;convertir;NORMAL
972;convertirse;NORMAL
973;convicción;NORMAL
974;conviene;NORMAL
975;convierte;NORMAL
976;convirtió;NORMAL
977;convivencia;NORMAL
978;convocatoria;NORMAL
979;cooperación;NORMAL
980;coordinación;NORMAL
981;coordinador;NORMAL
982;copa;NORMAL
983;copia;NORMAL
984;corazón;NORMAL
985;coro;NORMAL
986;corona;NORMAL
987;coronel;NORMAL
988;corporación;NORMAL
989;corporal;NORMAL
990;corre;NORMAL
991;correcta;NORMAL
992;correcto;NORMAL
993;corredor;NORMAL
994;correo;NORMAL
995;correr;NORMAL
996;corresponde;NORMAL
997;corresponden;NORMAL
998;correspondiente;NORMAL
999;correspondientes;NORMAL
1000;corresponsal;NORMAL
1001;corriendo;NORMAL
1002;corriente;NORMAL
1003;corrientes;NORMAL
1004;corrupción;NORMAL
1005;corta;NORMAL
1006;cortar;NORMAL
1007;corte;NORMAL
1008;cortes;NORMAL
1009;corto;NORMAL
1010;cortés;NORMAL
1011;cosa;NORMAL
1012;cosas;NORMAL
1013;costa;NORMAL
1014;costado;NORMAL
1015;costas;NORMAL
1016;coste;NORMAL
1017;costes;NORMAL
1018;costo;NORMAL
1019;costos;NORMAL
1020;costumbre;NORMAL
1021;costumbres;NORMAL
1022;cotidiana;NORMAL
1023;crea;NORMAL
1024;creación;NORMAL
1025;creado;NORMAL
1026;creador;NORMAL
1027;crear;NORMAL
1028;crece;NORMAL
1029;crecer;NORMAL
1030;creciente;NORMAL
1031;crecimiento;NORMAL
1032;cree;NORMAL
1033;creemos;NORMAL
1034;creen;NORMAL
1035;creer;NORMAL
1036;crees;NORMAL
1037;crema;NORMAL
1038;creo;NORMAL
1039;creyó;NORMAL
1040;creía;NORMAL
1041;creó;NORMAL
1042;crimen;NORMAL
1043;criminal;NORMAL
1044;crisis;NORMAL
1045;cristal;NORMAL
1046;cristiana;NORMAL
1047;cristiano;NORMAL
1048;cristianos;NORMAL
1049;cristina;NORMAL
1050;cristo;NORMAL
1051;criterio;NORMAL
1052;criterios;NORMAL
1053;cruz;NORMAL
1054;cruzar;NORMAL
1055;crédito;NORMAL
1056;créditos;NORMAL
1057;crítica;NORMAL
1058;críticas;NORMAL
1059;crítico;NORMAL
1060;críticos;NORMAL
1061;crónica;NORMAL
1062;cuadrados;NORMAL
1063;cuadro;NORMAL
1064;cuadros;NORMAL
1065;cualidades;NORMAL
1066;cuantas;NORMAL
1067;cuanto;NORMAL
1068;cuarta;NORMAL
1069;cuartel;NORMAL
1070;cuarto;NORMAL
1071;cuartos;NORMAL
1072;cuba;NORMAL
1073;cubana;NORMAL
1074;cubano;NORMAL
1075;cubanos;NORMAL
1076;cubierta;NORMAL
1077;cubierto;NORMAL
1078;cubrir;NORMAL
1079;cucharada;NORMAL
1080;cucharadas;NORMAL
1081;cuello;NORMAL
1082;cuenca;NORMAL
1083;cuenta;NORMAL
1084;cuentan;NORMAL
1085;cuentas;NORMAL
1086;cuento;NORMAL
1087;cuentos;NORMAL
1088;cuerda;NORMAL
1089;cuerpo;NORMAL
1090;cuerpos;NORMAL
1091;cuesta;NORMAL
1092;cuestiones;NORMAL
1093;cuestión;NORMAL
1094;cuidado;NORMAL
1095;culpa;NORMAL
1096;culpable;NORMAL
1097;cultivo;NORMAL
1098;cultivos;NORMAL
1099;culto;NORMAL
1100;cultura;NORMAL
1101;cultural;NORMAL
1102;culturales;NORMAL
1103;culturas;NORMAL
1104;cumbre;NORMAL
1105;cumple;NORMAL
1106;cumplido;NORMAL
1107;cumplimiento;NORMAL
1108;cumplir;NORMAL
1109;cuota;NORMAL
1110;cura;NORMAL
1111;curiosidad;NORMAL
1112;curioso;NORMAL
1113;curso;NORMAL
1114;cursos;NORMAL
1115;curva;NORMAL
1116;cuáles;NORMAL
1117;cádiz;NORMAL
1118;cálculo;NORMAL
1119;cálculos;NORMAL
1120;cámara;NORMAL
1121;cámaras;NORMAL
1122;cáncer;NORMAL
1123;cárcel;NORMAL
1124;célebre;NORMAL
1125;células;NORMAL
1126;césar;NORMAL
1127;círculo;NORMAL
1128;código;NORMAL
1129;córdoba;NORMAL
1130;d;INICIO
1131;da;NORMAL
1132;daba;NORMAL
1133;daban;NORMAL
1134;dada;NORMAL
1135;dado;NORMAL
1136;dama;NORMAL
1137;dan;NORMAL
1138;dando;NORMAL
1139;daniel;NORMAL
1140;danza;NORMAL
1141;dar;NORMAL
1142;darle;NORMAL
1143;darse;NORMAL
1144;dará;NORMAL
1145;dato;NORMAL
1146;datos;NORMAL
1147;david;NORMAL
1148;daño;NORMAL
1149;daños;NORMAL
1150;debajo;NORMAL
1151;debate;NORMAL
1152;debe;NORMAL
1153;debemos;NORMAL
1154;deben;NORMAL
1155;deber;NORMAL
1156;deberá;NORMAL
1157;deberán;NORMAL
1158;debería;NORMAL
1159;deberían;NORMAL
1160;debido;NORMAL
1161;debilidad;NORMAL
1162;debió;NORMAL
1163;debo;NORMAL
1164;debía;NORMAL
1165;debían;NORMAL
1166;decenas;NORMAL
1167;decide;NORMAL
1168;decidido;NORMAL
1169;decidieron;NORMAL
1170;decidir;NORMAL
1171;decidió;NORMAL
1172;decir;NORMAL
1173;decirle;NORMAL
1174;decirlo;NORMAL
1175;decirse;NORMAL
1176;decisiones;NORMAL
1177;decisivo;NORMAL
1178;decisión;NORMAL
1179;declaraciones;NORMAL
1180;declaración;NORMAL
1181;declarado;NORMAL
1182;declarar;NORMAL
1183;declaró;NORMAL
1184;decreto;NORMAL
1185;decía;NORMAL
1186;decían;NORMAL
1187;dedica;NORMAL
1188;dedicada;NORMAL
1189;dedicado;NORMAL
1190;dedicó;NORMAL
1191;dedo;NORMAL
1192;dedos;NORMAL
1193;defectos;NORMAL
1194;defender;NORMAL
1195;defensa;NORMAL
1196;defensor;NORMAL
1197;define;NORMAL
1198;definición;NORMAL
1199;definido;NORMAL
1200;definir;NORMAL
1201;definitiva;NORMAL
1202;definitivamente;NORMAL
1203;definitivo;NORMAL
1204;deja;NORMAL
1205;dejaba;NORMAL
1206;dejado;NORMAL
1207;dejan;NORMAL
1208;dejando;NORMAL
1209;dejar;NORMAL
1210;dejaron;NORMAL
1211;deje;NORMAL
1212;dejó;NORMAL
1213;delante;NORMAL
1214;delegación;NORMAL
1215;delegado;NORMAL
1216;delegados;NORMAL
1217;delgado;NORMAL
1218;delito;NORMAL
1219;delitos;NORMAL
1220;demanda;NORMAL
1221;demandas;NORMAL
1222;demasiado;NORMAL
1223;democracia;NORMAL
1224;democrática;NORMAL
1225;democrático;NORMAL
1226;demostrado;NORMAL
1227;demostrar;NORMAL
1228;demostró;NORMAL
1229;demuestra;NORMAL
1230;denomina;NORMAL
1231;denominado;NORMAL
1232;densidad;NORMAL
1233;dentro;NORMAL
1234;denuncia;NORMAL
1235;denuncias;NORMAL
1236;departamento;NORMAL
1237;depende;NORMAL
1238;dependencia;NORMAL
1239;deporte;NORMAL
1240;deportes;NORMAL
1241;deportiva;NORMAL
1242;deportivo;NORMAL
1243;depresión;NORMAL
1244;derecha;NORMAL
1245;derecho;NORMAL
1246;derechos;NORMAL
1247;derivados;NORMAL
1248;derrota;NORMAL
1249;desafío;NORMAL
1250;desaparecer;NORMAL
1251;desaparecido;NORMAL
1252;desaparición;NORMAL
1253;desarrolla;NORMAL
1254;desarrollado;NORMAL
1255;desarrollar;NORMAL
1256;desarrollo;NORMAL
1257;desastre;NORMAL
1258;desayuno;NORMAL
1259;descanso;NORMAL
1260;descenso;NORMAL
1261;desconocido;NORMAL
1262;describe;NORMAL
1263;descripción;NORMAL
1264;descubierto;NORMAL
1265;descubrimiento;NORMAL
1266;descubrir;NORMAL
1267;descubrió;NORMAL
1268;desea;NORMAL
1269;deseaba;NORMAL
1270;desempleo;NORMAL
1271;deseo;NORMAL
1272;deseos;NORMAL
1273;desgracia;NORMAL
1274;desierto;NORMAL
1275;desnudo;NORMAL
1276;despacho;NORMAL
1277;despertar;NORMAL
1278;después;NORMAL
1279;destaca;NORMAL
1280;destacado;NORMAL
1281;destacan;NORMAL
1282;destacar;NORMAL
1283;destacó;NORMAL
1284;destinado;NORMAL
1285;destinados;NORMAL
1286;destino;NORMAL
1287;destrucción;NORMAL
1288;detalle;NORMAL
1289;detalles;NORMAL
1290;detención;NORMAL
1291;detener;NORMAL
1292;detenido;NORMAL
1293;detenidos;NORMAL
1294;deterioro;NORMAL
1295;determina;NORMAL
1296;determinación;NORMAL
1297;determinada;NORMAL
1298;determinadas;NORMAL
1299;determinado;NORMAL
1300;determinados;NORMAL
1301;determinar;NORMAL
1302;detrás;NORMAL
1303;detuvo;NORMAL
1304;deuda;NORMAL
1305;di;NORMAL
1306;diablo;NORMAL
1307;diagnóstico;NORMAL
1308;diana;NORMAL
1309;diaria;NORMAL
1310;diario;NORMAL
1311;diarios;NORMAL
1312;dibujo;NORMAL
1313;dibujos;NORMAL
1314;dice;NORMAL
1315;dicen;NORMAL
1316;dices;NORMAL
1317;dicha;NORMAL
1318;dichas;NORMAL
1319;dicho;NORMAL
1320;dichos;NORMAL
1321;diciembre;NORMAL
1322;diciendo;NORMAL
1323;dictadura;NORMAL
1324;diego;NORMAL
1325;dientes;NORMAL
1326;diera;NORMAL
1327;dieron;NORMAL
1328;dieta;NORMAL
1329;diferencia;NORMAL
1330;diferencias;NORMAL
1331;diferente;NORMAL
1332;diferentes;NORMAL
1333;dificultad;NORMAL
1334;dificultades;NORMAL
1335;difusión;NORMAL
1336;difícil;NORMAL
1337;difíciles;NORMAL
1338;diga;NORMAL
1339;digital;NORMAL
1340;dignidad;NORMAL
1341;digo;NORMAL
1342;dije;NORMAL
1343;dijeron;NORMAL
1344;dijo;NORMAL
1345;dimensiones;NORMAL
1346;dimensión;NORMAL
1347;dimisión;NORMAL
1348;dinero;NORMAL
1349;dinámica;NORMAL
1350;dio;NORMAL
1351;dios;NORMAL
1352;dioses;NORMAL
1353;diputado;NORMAL
1354;diputados;NORMAL
1355;direcciones;NORMAL
1356;dirección;NORMAL
1357;directa;NORMAL
1358;directamente;NORMAL
1359;directiva;NORMAL
1360;directivos;NORMAL
1361;directo;NORMAL
1362;director;NORMAL
1363;directora;NORMAL
1364;directores;NORMAL
1365;dirige;NORMAL
1366;dirigente;NORMAL
1367;dirigentes;NORMAL
1368;dirigida;NORMAL
1369;dirigido;NORMAL
1370;dirigir;NORMAL
1371;dirigió;NORMAL
1372;diría;NORMAL
1373;disciplina;NORMAL
1374;disco;NORMAL
1375;discos;NORMAL
1376;discurso;NORMAL
1377;discursos;NORMAL
1378;discusión;NORMAL
1379;discutir;NORMAL
1380;diseño;NORMAL
1381;disfrutar;NORMAL
1382;disminución;NORMAL
1383;disminuir;NORMAL
1384;dispone;NORMAL
1385;disponer;NORMAL
1386;disponibles;NORMAL
1387;disposiciones;NORMAL
1388;disposición;NORMAL
1389;dispuesta;NORMAL
1390;dispuesto;NORMAL
1391;dispuestos;NORMAL
1392;distancia;NORMAL
1393;distinción;NORMAL
1394;distinguir;NORMAL
1395;distinta;NORMAL
1396;distintas;NORMAL
1397;distinto;NORMAL
1398;distintos;NORMAL
1399;distribución;NORMAL
1400;distrito;NORMAL
1401;diversidad;NORMAL
1402;división;NORMAL
1403;diálogo;NORMAL
1404;doble;NORMAL
1405;docentes;NORMAL
1406;doctor;NORMAL
1407;doctrina;NORMAL
1408;documentación;NORMAL
1409;documento;NORMAL
1410;documentos;NORMAL
1411;dolor;NORMAL
1412;dolores;NORMAL
1413;domicilio;NORMAL
1414;dominante;NORMAL
1415;domingo;NORMAL
1416;dominicana;NORMAL
1417;dominio;NORMAL
1418;domínguez;NORMAL
1419;don;NORMAL
1420;dormido;NORMAL
1421;dormir;NORMAL
1422;dormitorio;NORMAL
1423;dosis;NORMAL
1424;doy;NORMAL
1425;doña;NORMAL
1426;drama;NORMAL
1427;droga;NORMAL
1428;drogas;NORMAL
1429;duda;NORMAL
1430;dudas;NORMAL
1431;dueño;NORMAL
1432;dueños;NORMAL
1433;dulce;NORMAL
1434;duque;NORMAL
1435;dura;NORMAL
1436;duración;NORMAL
1437;duras;NORMAL
1438;duro;NORMAL
1439;duros;NORMAL
1440;duró;NORMAL
1441;dé;NORMAL
1442;débil;NORMAL
1443;década;NORMAL
1444;décadas;NORMAL
1445;déficit;NORMAL
1446;día;NORMAL
1447;días;NORMAL
1448;díaz;NORMAL
1449;dólar;NORMAL
1450;dólares;NORMAL
1451;echar;INICIO
1452;echó;NORMAL
1453;eco;NORMAL
1454;economía;NORMAL
1455;económica;NORMAL
1456;económicas;NORMAL
1457;económico;NORMAL
1458;económicos;NORMAL
1459;ecuador;NORMAL
1460;edad;NORMAL
1461;edición;NORMAL
1462;edificio;NORMAL
1463;edificios;NORMAL
1464;editorial;NORMAL
1465;eduardo;NORMAL
1466;educación;NORMAL
1467;educativa;NORMAL
1468;educativo;NORMAL
1469;ee;NORMAL
1470;eeuu;NORMAL
1471;efe;NORMAL
1472;efectiva;NORMAL
1473;efectivamente;NORMAL
1474;efectivo;NORMAL
1475;efectivos;NORMAL
1476;efecto;NORMAL
1477;efectos;NORMAL
1478;efectuar;NORMAL
1479;eficacia;NORMAL
1480;eficaz;NORMAL
1481;egipto;NORMAL
1482;eje;NORMAL
1483;ejecución;NORMAL
1484;ejecutiva;NORMAL
1485;ejecutivo;NORMAL
1486;ejemplar;NORMAL
1487;ejemplares;NORMAL
1488;ejemplo;NORMAL
1489;ejemplos;NORMAL
1490;ejercer;NORMAL
1491;ejercicio;NORMAL
1492;ejercicios;NORMAL
1493;ejército;NORMAL
1494;elaboración;NORMAL
1495;elaborado;NORMAL
1496;elaborar;NORMAL
1497;elecciones;NORMAL
1498;elección;NORMAL
1499;electoral;NORMAL
1500;electorales;NORMAL
1501;electricidad;NORMAL
1502;electrónico;NORMAL
1503;elegante;NORMAL
1504;elegido;NORMAL
1505;elegir;NORMAL
1506;elemento;NORMAL
1507;elementos;NORMAL
1508;elena;NORMAL
1509;elevada;NORMAL
1510;elevado;NORMAL
1511;eliminación;NORMAL
1512;eliminar;NORMAL
1513;eléctrica;NORMAL
1514;eléctrico;NORMAL
1515;embajada;NORMAL
1516;embajador;NORMAL
1517;embarazo;NORMAL
1518;embargo;NORMAL
1519;emergencia;NORMAL
1520;emilio;NORMAL
1521;emisión;NORMAL
1522;emocional;NORMAL
1523;emociones;NORMAL
1524;emoción;NORMAL
1525;empate;NORMAL
1526;emperador;NORMAL
1527;empezaba;NORMAL
1528;empezado;NORMAL
1529;empezar;NORMAL
1530;empezaron;NORMAL
1531;empezó;NORMAL
1532;empeño;NORMAL
1533;empieza;NORMAL
1534;empiezan;NORMAL
1535;empleado;NORMAL
1536;empleados;NORMAL
1537;empleo;NORMAL
1538;empresa;NORMAL
1539;empresarial;NORMAL
1540;empresario;NORMAL
1541;empresarios;NORMAL
1542;empresas;NORMAL
1543;encargado;NORMAL
1544;encima;NORMAL
1545;encontraba;NORMAL
1546;encontraban;NORMAL
1547;encontrado;NORMAL
1548;encontramos;NORMAL
1549;encontrar;NORMAL
1550;encontraron;NORMAL
1551;encontré;NORMAL
1552;encontró;NORMAL
1553;encuentra;NORMAL
1554;encuentran;NORMAL
1555;encuentro;NORMAL
1556;encuentros;NORMAL
1557;encuesta;NORMAL
1558;encuestas;NORMAL
1559;enemigo;NORMAL
1560;enemigos;NORMAL
1561;energía;NORMAL
1562;enero;NORMAL
1563;enfermedad;NORMAL
1564;enfermedades;NORMAL
1565;enfermo;NORMAL
1566;enfermos;NORMAL
1567;enfoque;NORMAL
1568;enfrenta;NORMAL
1569;enfrentamiento;NORMAL
1570;enfrentar;NORMAL
1571;enfrente;NORMAL
1572;enorme;NORMAL
1573;enormes;NORMAL
1574;enrique;NORMAL
1575;ensayo;NORMAL
1576;ensayos;NORMAL
1577;enseguida;NORMAL
1578;enseñanza;NORMAL
1579;entender;NORMAL
1580;entendido;NORMAL
1581;entendimiento;NORMAL
1582;entera;NORMAL
1583;entero;NORMAL
1584;entidad;NORMAL
1585;entidades;NORMAL
1586;entiende;NORMAL
1587;entiendo;NORMAL
1588;entonces;NORMAL
1589;entorno;NORMAL
1590;entra;NORMAL
1591;entrada;NORMAL
1592;entradas;NORMAL
1593;entrado;NORMAL
1594;entran;NORMAL
1595;entrar;NORMAL
1596;entrega;NORMAL
1597;entregar;NORMAL
1598;entregó;NORMAL
1599;entrenador;NORMAL
1600;entrenamiento;NORMAL
1601;entrevista;NORMAL
1602;entrevistas;NORMAL
1603;entró;NORMAL
1604;entusiasmo;NORMAL
1605;enviado;NORMAL
1606;enviar;NORMAL
1607;envió;NORMAL
1608;episodio;NORMAL
1609;equilibrio;NORMAL
1610;equipo;NORMAL
1611;equipos;NORMAL
1612;equivalente;NORMAL
1613;era;NORMAL
1614;eran;NORMAL
1615;eres;NORMAL
1616;ernesto;NORMAL
1617;error;NORMAL
1618;errores;NORMAL
1619;es;NORMAL
1620;escala;NORMAL
1621;escalera;NORMAL
1622;escapar;NORMAL
1623;escasa;NORMAL
1624;escaso;NORMAL
1625;escena;NORMAL
1626;escenario;NORMAL
1627;escenas;NORMAL
1628;esclavos;NORMAL
1629;escolar;NORMAL
1630;escolares;NORMAL
1631;escribe;NORMAL
1632;escribir;NORMAL
1633;escribió;NORMAL
1634;escrita;NORMAL
1635;escrito;NORMAL
1636;escritor;NORMAL
1637;escritores;NORMAL
1638;escritos;NORMAL
1639;escritura;NORMAL
1640;escucha;NORMAL
1641;escuchar;NORMAL
1642;escuela;NORMAL
1643;escuelas;NORMAL
1644;escándalo;NORMAL
1645;esencia;NORMAL
1646;esencial;NORMAL
1647;esenciales;NORMAL
1648;esfera;NORMAL
1649;esfuerzo;NORMAL
1650;esfuerzos;NORMAL
1651;espacial;NORMAL
1652;espacio;NORMAL
1653;espacios;NORMAL
1654;espada;NORMAL
1655;espalda;NORMAL
1656;espaldas;NORMAL
1657;españa;NORMAL
1658;español;NORMAL
1659;española;NORMAL
1660;españolas;NORMAL
1661;españoles;NORMAL
1662;especial;NORMAL
1663;especiales;NORMAL
1664;especialista;NORMAL
1665;especialistas;NORMAL
1666;especialmente;NORMAL
1667;especie;NORMAL
1668;especies;NORMAL
1669;espectacular;NORMAL
1670;espectador;NORMAL
1671;espectadores;NORMAL
1672;espectáculo;NORMAL
1673;específica;NORMAL
1674;específicas;NORMAL
1675;específico;NORMAL
1676;específicos;NORMAL
1677;espejo;NORMAL
1678;espera;NORMAL
1679;esperaba;NORMAL
1680;esperan;NORMAL
1681;esperando;NORMAL
1682;esperanza;NORMAL
1683;esperanzas;NORMAL
1684;esperar;NORMAL
1685;espero;NORMAL
1686;espiritual;NORMAL
1687;esposa;NORMAL
1688;esposo;NORMAL
1689;espíritu;NORMAL
1690;esquema;NORMAL
1691;esquina;NORMAL
1692;estaba;NORMAL
1693;estaban;NORMAL
1694;estabilidad;NORMAL
1695;estable;NORMAL
1696;establece;NORMAL
1697;establecer;NORMAL
1698;establecido;NORMAL
1699;establecimiento;NORMAL
1700;establecimientos;NORMAL
1701;estableció;NORMAL
1702;estaciones;NORMAL
1703;estación;NORMAL
1704;estadio;NORMAL
1705;estado;NORMAL
1706;estados;NORMAL
1707;estadounidense;NORMAL
1708;estadounidenses;NORMAL
1709;estadísticas;NORMAL
1710;estamos;NORMAL
1711;estancia;NORMAL
1712;estando;NORMAL
1713;estar;NORMAL
1714;estará;NORMAL
1715;estarán;NORMAL
1716;estaría;NORMAL
1717;estatal;NORMAL
1718;estatales;NORMAL
1719;estatuto;NORMAL
1720;estilo;NORMAL
1721;estima;NORMAL
1722;estoy;NORMAL
1723;estrategia;NORMAL
1724;estrategias;NORMAL
1725;estrecha;NORMAL
1726;estrella;NORMAL
1727;estrellas;NORMAL
1728;estreno;NORMAL
1729;estrictamente;NORMAL
1730;estructura;NORMAL
1731;estructuras;NORMAL
1732;estudia;NORMAL
1733;estudiante;NORMAL
1734;estudiantes;NORMAL
1735;estudiar;NORMAL
1736;estudio;NORMAL
1737;estudios;NORMAL
1738;estuve;NORMAL
1739;estuviera;NORMAL
1740;estuvieron;NORMAL
1741;estuvo;NORMAL
1742;está;NORMAL
1743;estábamos;NORMAL
1744;están;NORMAL
1745;estás;NORMAL
1746;esté;NORMAL
1747;estén;NORMAL
1748;estética;NORMAL
1749;estímulo;NORMAL
1750;estómago;NORMAL
1751;et;NORMAL
1752;eta;NORMAL
1753;etapa;NORMAL
1754;etapas;NORMAL
1755;eugenio;NORMAL
1756;europa;NORMAL
1757;europea;NORMAL
1758;europeas;NORMAL
1759;europeo;NORMAL
1760;europeos;NORMAL
1761;euros;NORMAL
1762;eva;NORMAL
1763;evaluación;NORMAL
1764;evaluar;NORMAL
1765;evento;NORMAL
1766;evidencia;NORMAL
1767;evidente;NORMAL
1768;evidentemente;NORMAL
1769;evita;NORMAL
1770;evitar;NORMAL
1771;evolución;NORMAL
1772;ex;NORMAL
1773;exactamente;NORMAL
1774;examen;NORMAL
1775;excelencia;NORMAL
1776;excelente;NORMAL
1777;excepcional;NORMAL
1778;excepción;NORMAL
1779;excesiva;NORMAL
1780;exceso;NORMAL
1781;exclusiva;NORMAL
1782;exclusivamente;NORMAL
1783;exige;NORMAL
1784;exigencia;NORMAL
1785;exigencias;NORMAL
1786;exigir;NORMAL
1787;exilio;NORMAL
1788;existe;NORMAL
1789;existen;NORMAL
1790;existencia;NORMAL
1791;existente;NORMAL
1792;existentes;NORMAL
1793;existir;NORMAL
1794;existía;NORMAL
1795;expansión;NORMAL
1796;expectativas;NORMAL
1797;expediente;NORMAL
1798;experiencia;NORMAL
1799;experiencias;NORMAL
1800;experto;NORMAL
1801;expertos;NORMAL
1802;explica;NORMAL
1803;explicaciones;NORMAL
1804;explicación;NORMAL
1805;explicar;NORMAL
1806;explicó;NORMAL
1807;explosión;NORMAL
1808;explotación;NORMAL
1809;exportaciones;NORMAL
1810;exportación;NORMAL
1811;exposiciones;NORMAL
1812;exposición;NORMAL
1813;expresa;NORMAL
1814;expresar;NORMAL
1815;expresiones;NORMAL
1816;expresión;NORMAL
1817;expresó;NORMAL
1818;extensión;NORMAL
1819;exterior;NORMAL
1820;exteriores;NORMAL
1821;externa;NORMAL
1822;externo;NORMAL
1823;extiende;NORMAL
1824;extranjera;NORMAL
1825;extranjeras;NORMAL
1826;extranjero;NORMAL
1827;extranjeros;NORMAL
1828;extraordinaria;NORMAL
1829;extraordinario;NORMAL
1830;extraña;NORMAL
1831;extraño;NORMAL
1832;extrema;NORMAL
1833;extremo;NORMAL
1834;extremos;NORMAL
1835;f;INICIO
1836;fabricación;NORMAL
1837;facilidad;NORMAL
1838;facilitar;NORMAL
1839;factor;NORMAL
1840;factores;NORMAL
1841;facultad;NORMAL
1842;facultades;NORMAL
1843;fallo;NORMAL
1844;falsa;NORMAL
1845;falso;NORMAL
1846;falta;NORMAL
1847;faltaba;NORMAL
1848;faltan;NORMAL
1849;fama;NORMAL
1850;familia;NORMAL
1851;familiar;NORMAL
1852;familiares;NORMAL
1853;familias;NORMAL
1854;famosa;NORMAL
1855;famoso;NORMAL
1856;fantasía;NORMAL
1857;fase;NORMAL
1858;fases;NORMAL
1859;favor;NORMAL
1860;favorable;NORMAL
1861;fe;NORMAL
1862;febrero;NORMAL
1863;fecha;NORMAL
1864;fechas;NORMAL
1865;federación;NORMAL
1866;federal;NORMAL
1867;federico;NORMAL
1868;felices;NORMAL
1869;felicidad;NORMAL
1870;felipe;NORMAL
1871;feliz;NORMAL
1872;femenina;NORMAL
1873;femenino;NORMAL
1874;fenómeno;NORMAL
1875;fenómenos;NORMAL
1876;feria;NORMAL
1877;fernando;NORMAL
1878;fernández;NORMAL
1879;festival;NORMAL
1880;ficción;NORMAL
1881;fidel;NORMAL
1882;fiebre;NORMAL
1883;fiel;NORMAL
1884;fiesta;NORMAL
1885;fiestas;NORMAL
1886;fig;NORMAL
1887;figura;NORMAL
1888;figuran;NORMAL
1889;figuras;NORMAL
1890;fija;NORMAL
1891;fila;NORMAL
1892;filas;NORMAL
1893;film;NORMAL
1894;filme;NORMAL
1895;filosofía;NORMAL
1896;fin;NORMAL
1897;fina;NORMAL
1898;final;NORMAL
1899;finales;NORMAL
1900;finalidad;NORMAL
1901;finalmente;NORMAL
1902;financiación;NORMAL
1903;financiamiento;NORMAL
1904;financiera;NORMAL
1905;financieras;NORMAL
1906;financiero;NORMAL
1907;financieros;NORMAL
1908;finanzas;NORMAL
1909;fines;NORMAL
1910;firma;NORMAL
1911;firmado;NORMAL
1912;firmas;NORMAL
1913;firme;NORMAL
1914;fiscal;NORMAL
1915;fiscales;NORMAL
1916;fiscalía;NORMAL
1917;flor;NORMAL
1918;flores;NORMAL
1919;florida;NORMAL
1920;flujo;NORMAL
1921;fomento;NORMAL
1922;fondo;NORMAL
1923;fondos;NORMAL
1924;forma;NORMAL
1925;formación;NORMAL
1926;formada;NORMAL
1927;formado;NORMAL
1928;formal;NORMAL
1929;forman;NORMAL
1930;formando;NORMAL
1931;formar;NORMAL
1932;formas;NORMAL
1933;formato;NORMAL
1934;foro;NORMAL
1935;fortaleza;NORMAL
1936;fortuna;NORMAL
1937;foto;NORMAL
1938;fotografía;NORMAL
1939;fotografías;NORMAL
1940;fotos;NORMAL
1941;fracaso;NORMAL
1942;fraga;NORMAL
1943;francesa;NORMAL
1944;franceses;NORMAL
1945;francia;NORMAL
1946;francisco;NORMAL
1947;franco;NORMAL
1948;francés;NORMAL
1949;frase;NORMAL
1950;frases;NORMAL
1951;fraude;NORMAL
1952;fray;NORMAL
1953;frecuencia;NORMAL
1954;frecuente;NORMAL
1955;frecuentemente;NORMAL
1956;frecuentes;NORMAL
1957;frente;NORMAL
1958;fresco;NORMAL
1959;frontera;NORMAL
1960;fronteras;NORMAL
1961;frutas;NORMAL
1962;fruto;NORMAL
1963;frutos;NORMAL
1964;fría;NORMAL
1965;frío;NORMAL
1966;fue;NORMAL
1967;fuego;NORMAL
1968;fuente;NORMAL
1969;fuentes;NORMAL
1970;fuera;NORMAL
1971;fueran;NORMAL
1972;fueron;NORMAL
1973;fuerte;NORMAL
1974;fuertes;NORMAL
1975;fuerza;NORMAL
1976;fuerzas;NORMAL
1977;fuese;NORMAL
1978;fuga;NORMAL
1979;fui;NORMAL
1980;fuimos;NORMAL
1981;fujimori;NORMAL
1982;funciona;NORMAL
1983;funcional;NORMAL
1984;funcionamiento;NORMAL
1985;funcionario;NORMAL
1986;funcionarios;NORMAL
1987;funciones;NORMAL
1988;función;NORMAL
1989;fundación;NORMAL
1990;fundamental;NORMAL
1991;fundamentales;NORMAL
1992;fundamentalmente;NORMAL
1993;fundamento;NORMAL
1994;fusión;NORMAL
1995;futura;NORMAL
1996;futuro;NORMAL
1997;fábrica;NORMAL
1998;fácil;NORMAL
1999;fácilmente;NORMAL
2000;félix;NORMAL
2001;física;NORMAL
2002;físicas;NORMAL
2003;físico;NORMAL
2004;físicos;NORMAL
2005;fórmula;NORMAL
2006;fórmulas;NORMAL
2007;fútbol;NORMAL
2008;g;INICIO
2009;gabinete;NORMAL
2010;gabriel;NORMAL
2011;gal;NORMAL
2012;gala;NORMAL
2013;galería;NORMAL
2014;galicia;NORMAL
2015;gallego;NORMAL
2016;gana;NORMAL
2017;ganado;NORMAL
2018;ganador;NORMAL
2019;ganar;NORMAL
2020;ganas;NORMAL
2021;ganó;NORMAL
2022;garantizar;NORMAL
2023;garantía;NORMAL
2024;garantías;NORMAL
2025;garcía;NORMAL
2026;garganta;NORMAL
2027;gas;NORMAL
2028;gasto;NORMAL
2029;gastos;NORMAL
2030;gato;NORMAL
2031;genera;NORMAL
2032;generaciones;NORMAL
2033;generación;NORMAL
2034;general;NORMAL
2035;generales;NORMAL
2036;generalitat;NORMAL
2037;generalmente;NORMAL
2038;generar;NORMAL
2039;genes;NORMAL
2040;genio;NORMAL
2041;gente;NORMAL
2042;gentes;NORMAL
2043;genética;NORMAL
2044;geografía;NORMAL
2045;george;NORMAL
2046;gerardo;NORMAL
2047;gerente;NORMAL
2048;gestión;NORMAL
2049;gesto;NORMAL
2050;gestos;NORMAL
2051;gil;NORMAL
2052;gira;NORMAL
2053;giro;NORMAL
2054;global;NORMAL
2055;gloria;NORMAL
2056;gobernador;NORMAL
2057;gobierno;NORMAL
2058;gobiernos;NORMAL
2059;gol;NORMAL
2060;goles;NORMAL
2061;golpe;NORMAL
2062;golpes;NORMAL
2063;gonzalo;NORMAL
2064;gonzález;NORMAL
2065;gracia;NORMAL
2066;gracias;NORMAL
2067;grado;NORMAL
2068;grados;NORMAL
2069;gramos;NORMAL
2070;gran;NORMAL
2071;granada;NORMAL
2072;grande;NORMAL
2073;grandes;NORMAL
2074;grasa;NORMAL
2075;grasas;NORMAL
2076;grave;NORMAL
2077;gravedad;NORMAL
2078;graves;NORMAL
2079;grecia;NORMAL
2080;gregorio;NORMAL
2081;griego;NORMAL
2082;gris;NORMAL
2083;grito;NORMAL
2084;gritos;NORMAL
2085;gritó;NORMAL
2086;grupo;NORMAL
2087;grupos;NORMAL
2088;gráfico;NORMAL
2089;guarda;NORMAL
2090;guardar;NORMAL
2091;guardia;NORMAL
2092;guardias;NORMAL
2093;guatemala;NORMAL
2094;gubernamental;NORMAL
2095;gubernamentales;NORMAL
2096;guerra;NORMAL
2097;guerras;NORMAL
2098;guerrero;NORMAL
2099;guerrilla;NORMAL
2100;guerrilleros;NORMAL
2101;guillermo;NORMAL
2102;guión;NORMAL
2103;gusta;NORMAL
2104;gustaba;NORMAL
2105;gustaría;NORMAL
2106;gustavo;NORMAL
2107;gusto;NORMAL
2108;gutiérrez;NORMAL
2109;guzmán;NORMAL
2110;guía;NORMAL
2111;género;NORMAL
2112;gómez;NORMAL
2113;h;INICIO
2114;ha;NORMAL
2115;habana;NORMAL
2116;haber;NORMAL
2117;haberse;NORMAL
2118;habido;NORMAL
2119;habilidad;NORMAL
2120;habitaciones;NORMAL
2121;habitación;NORMAL
2122;habitantes;NORMAL
2123;habitual;NORMAL
2124;habituales;NORMAL
2125;habitualmente;NORMAL
2126;habla;NORMAL
2127;hablaba;NORMAL
2128;hablado;NORMAL
2129;hablamos;NORMAL
2130;hablan;NORMAL
2131;hablando;NORMAL
2132;hablar;NORMAL
2133;habló;NORMAL
2134;habrá;NORMAL
2135;habría;NORMAL
2136;habrían;NORMAL
2137;había;NORMAL
2138;habíamos;NORMAL
2139;habían;NORMAL
2140;hace;NORMAL
2141;hacemos;NORMAL
2142;hacen;NORMAL
2143;hacer;NORMAL
2144;hacerle;NORMAL
2145;hacerlo;NORMAL
2146;hacerse;NORMAL
2147;haces;NORMAL
2148;hacienda;NORMAL
2149;haciendo;NORMAL
2150;hacía;NORMAL
2151;hacían;NORMAL
2152;haga;NORMAL
2153;hagan;NORMAL
2154;hago;NORMAL
2155;halla;NORMAL
2156;hambre;NORMAL
2157;han;NORMAL
2158;harina;NORMAL
2159;hará;NORMAL
2160;harán;NORMAL
2161;haría;NORMAL
2162;has;NORMAL
2163;hasta;NORMAL
2164;hay;NORMAL
2165;haya;NORMAL
2166;hayan;NORMAL
2167;he;NORMAL
2168;hecha;NORMAL
2169;hechas;NORMAL
2170;hecho;NORMAL
2171;hechos;NORMAL
2172;hectáreas;NORMAL
2173;hemos;NORMAL
2174;herencia;NORMAL
2175;herida;NORMAL
2176;heridas;NORMAL
2177;herido;NORMAL
2178;heridos;NORMAL
2179;hermana;NORMAL
2180;hermanas;NORMAL
2181;hermano;NORMAL
2182;hermanos;NORMAL
2183;hermosa;NORMAL
2184;hermoso;NORMAL
2185;hernández;NORMAL
2186;herramientas;NORMAL
2187;herrera;NORMAL
2188;hice;NORMAL
2189;hiciera;NORMAL
2190;hicieron;NORMAL
2191;hielo;NORMAL
2192;hierro;NORMAL
2193;hija;NORMAL
2194;hijas;NORMAL
2195;hijo;NORMAL
2196;hijos;NORMAL
2197;hilo;NORMAL
2198;hipótesis;NORMAL
2199;historia;NORMAL
2200;historias;NORMAL
2201;histórica;NORMAL
2202;histórico;NORMAL
2203;históricos;NORMAL
2204;hizo;NORMAL
2205;hogar;NORMAL
2206;hoja;NORMAL
2207;hojas;NORMAL
2208;holanda;NORMAL
2209;hombre;NORMAL
2210;hombres;NORMAL
2211;hombro;NORMAL
2212;hombros;NORMAL
2213;homenaje;NORMAL
2214;honduras;NORMAL
2215;honor;NORMAL
2216;hora;NORMAL
2217;horario;NORMAL
2218;horas;NORMAL
2219;horizonte;NORMAL
2220;horno;NORMAL
2221;horror;NORMAL
2222;hospital;NORMAL
2223;hospitales;NORMAL
2224;hotel;NORMAL
2225;hoteles;NORMAL
2226;hoy;NORMAL
2227;hubiera;NORMAL
2228;hubieran;NORMAL
2229;hubiese;NORMAL
2230;hubo;NORMAL
2231;huelga;NORMAL
2232;hueso;NORMAL
2233;huesos;NORMAL
2234;huevo;NORMAL
2235;huevos;NORMAL
2236;hugo;NORMAL
2237;huir;NORMAL
2238;humana;NORMAL
2239;humanas;NORMAL
2240;humanidad;NORMAL
2241;humano;NORMAL
2242;humanos;NORMAL
2243;humedad;NORMAL
2244;humo;NORMAL
2245;humor;NORMAL
2246;hábitos;NORMAL
2247;héctor;NORMAL
2248;héroe;NORMAL
2249;iba;INICIO
2250;iban;NORMAL
2251;idea;NORMAL
2252;ideal;NORMAL
2253;ideas;NORMAL
2254;identidad;NORMAL
2255;identificación;NORMAL
2256;identificar;NORMAL
2257;ideología;NORMAL
2258;idioma;NORMAL
2259;ido;NORMAL
2260;iglesia;NORMAL
2261;iglesias;NORMAL
2262;ignacio;NORMAL
2263;igual;NORMAL
2264;igualdad;NORMAL
2265;iguales;NORMAL
2266;igualmente;NORMAL
2267;ii;NORMAL
2268;iii;NORMAL
2269;ilegal;NORMAL
2270;ilusión;NORMAL
2271;imagen;NORMAL
2272;imaginación;NORMAL
2273;imaginar;NORMAL
2274;impacto;NORMAL
2275;impedir;NORMAL
2276;imperio;NORMAL
2277;impide;NORMAL
2278;implica;NORMAL
2279;impone;NORMAL
2280;imponer;NORMAL
2281;importa;NORMAL
2282;importancia;NORMAL
2283;importante;NORMAL
2284;importantes;NORMAL
2285;imposible;NORMAL
2286;imprescindible;NORMAL
2287;impresión;NORMAL
2288;impuesto;NORMAL
2289;impuestos;NORMAL
2290;impulso;NORMAL
2291;impuso;NORMAL
2292;imágenes;NORMAL
2293;incapacidad;NORMAL
2294;incapaz;NORMAL
2295;incendio;NORMAL
2296;incertidumbre;NORMAL
2297;incidencia;NORMAL
2298;incidente;NORMAL
2299;incluido;NORMAL
2300;incluidos;NORMAL
2301;incluir;NORMAL
2302;incluso;NORMAL
2303;incluye;NORMAL
2304;incluyen;NORMAL
2305;incluyendo;NORMAL
2306;incorporación;NORMAL
2307;incrementar;NORMAL
2308;incremento;NORMAL
2309;increíble;NORMAL
2310;independencia;NORMAL
2311;independiente;NORMAL
2312;independientes;NORMAL
2313;india;NORMAL
2314;indica;NORMAL
2315;indican;NORMAL
2316;indicar;NORMAL
2317;indicó;NORMAL
2318;indio;NORMAL
2319;indios;NORMAL
2320;indispensable;NORMAL
2321;individual;NORMAL
2322;individuales;NORMAL
2323;individuo;NORMAL
2324;individuos;NORMAL
2325;industria;NORMAL
2326;industrial;NORMAL
2327;industriales;NORMAL
2328;industrias;NORMAL
2329;indígena;NORMAL
2330;indígenas;NORMAL
2331;inevitable;NORMAL
2332;infancia;NORMAL
2333;infantil;NORMAL
2334;infección;NORMAL
2335;inferior;NORMAL
2336;inferiores;NORMAL
2337;infierno;NORMAL
2338;inflación;NORMAL
2339;influencia;NORMAL
2340;informa;NORMAL
2341;informaciones;NORMAL
2342;información;NORMAL
2343;informar;NORMAL
2344;informe;NORMAL
2345;informes;NORMAL
2346;informática;NORMAL
2347;informó;NORMAL
2348;infraestructura;NORMAL
2349;ingeniero;NORMAL
2350;ingeniería;NORMAL
2351;inglaterra;NORMAL
2352;inglesa;NORMAL
2353;ingleses;NORMAL
2354;inglés;NORMAL
2355;ingredientes;NORMAL
2356;ingreso;NORMAL
2357;ingresos;NORMAL
2358;inicia;NORMAL
2359;iniciado;NORMAL
2360;inicial;NORMAL
2361;inicialmente;NORMAL
2362;iniciar;NORMAL
2363;iniciativa;NORMAL
2364;iniciativas;NORMAL
2365;inicio;NORMAL
2366;inició;NORMAL
2367;inmediata;NORMAL
2368;inmediatamente;NORMAL
2369;inmediato;NORMAL
2370;inmensa;NORMAL
2371;inmigrantes;NORMAL
2372;inocente;NORMAL
2373;inquietud;NORMAL
2374;insiste;NORMAL
2375;insistió;NORMAL
2376;inspección;NORMAL
2377;instalaciones;NORMAL
2378;instalación;NORMAL
2379;instalado;NORMAL
2380;instancia;NORMAL
2381;instante;NORMAL
2382;institucional;NORMAL
2383;instituciones;NORMAL
2384;institución;NORMAL
2385;instituto;NORMAL
2386;instrucciones;NORMAL
2387;instrucción;NORMAL
2388;instrumento;NORMAL
2389;instrumentos;NORMAL
2390;integración;NORMAL
2391;integrado;NORMAL
2392;integral;NORMAL
2393;integrantes;NORMAL
2394;intelectual;NORMAL
2395;intelectuales;NORMAL
2396;inteligencia;NORMAL
2397;inteligente;NORMAL
2398;intenciones;NORMAL
2399;intención;NORMAL
2400;intensa;NORMAL
2401;intensidad;NORMAL
2402;intenso;NORMAL
2403;intenta;NORMAL
2404;intentando;NORMAL
2405;intentar;NORMAL
2406;intento;NORMAL
2407;intentos;NORMAL
2408;intentó;NORMAL
2409;intercambio;NORMAL
2410;interesa;NORMAL
2411;interesado;NORMAL
2412;interesados;NORMAL
2413;interesante;NORMAL
2414;interesantes;NORMAL
2415;intereses;NORMAL
2416;interior;NORMAL
2417;interna;NORMAL
2418;internacional;NORMAL
2419;internacionales;NORMAL
2420;internas;NORMAL
2421;internet;NORMAL
2422;interno;NORMAL
2423;internos;NORMAL
2424;interpretación;NORMAL
2425;interpretar;NORMAL
2426;intervenciones;NORMAL
2427;intervención;NORMAL
2428;intervenir;NORMAL
2429;interés;NORMAL
2430;intimidad;NORMAL
2431;introducción;NORMAL
2432;introducir;NORMAL
2433;intérpretes;NORMAL
2434;invasión;NORMAL
2435;inversiones;NORMAL
2436;inversión;NORMAL
2437;investigaciones;NORMAL
2438;investigación;NORMAL
2439;investigadores;NORMAL
2440;investigar;NORMAL
2441;invierno;NORMAL
2442;invitación;NORMAL
2443;invitado;NORMAL
2444;invitados;NORMAL
2445;inés;NORMAL
2446;inútil;NORMAL
2447;ir;NORMAL
2448;ira;NORMAL
2449;irak;NORMAL
2450;irene;NORMAL
2451;irse;NORMAL
2452;irá;NORMAL
2453;irán;NORMAL
2454;isabel;NORMAL
2455;isla;NORMAL
2456;islas;NORMAL
2457;israel;NORMAL
2458;israelí;NORMAL
2459;italia;NORMAL
2460;italiana;NORMAL
2461;italiano;NORMAL
2462;italianos;NORMAL
2463;izquierda;NORMAL
2464;izquierdo;NORMAL
2465;jaime;INICIO
2466;james;NORMAL
2467;jamás;NORMAL
2468;japón;NORMAL
2469;jardines;NORMAL
2470;jardín;NORMAL
2471;javier;NORMAL
2472;jean;NORMAL
2473;jefe;NORMAL
2474;jefes;NORMAL
2475;jesús;NORMAL
2476;jiménez;NORMAL
2477;joan;NORMAL
2478;joaquín;NORMAL
2479;john;NORMAL
2480;jordi;NORMAL
2481;jorge;NORMAL
2482;jornada;NORMAL
2483;jornadas;NORMAL
2484;josep;NORMAL
2485;josé;NORMAL
2486;joven;NORMAL
2487;juan;NORMAL
2488;juana;NORMAL
2489;judicial;NORMAL
2490;judiciales;NORMAL
2491;judíos;NORMAL
2492;jueces;NORMAL
2493;juega;NORMAL
2494;juego;NORMAL
2495;juegos;NORMAL
2496;jueves;NORMAL
2497;juez;NORMAL
2498;jugador;NORMAL
2499;jugadores;NORMAL
2500;jugando;NORMAL
2501;jugar;NORMAL
2502;jugo;NORMAL
2503;jugó;NORMAL
2504;juicio;NORMAL
2505;julio;NORMAL
2506;julián;NORMAL
2507;junio;NORMAL
2508;junta;NORMAL
2509;juntas;NORMAL
2510;junto;NORMAL
2511;juntos;NORMAL
2512;jurado;NORMAL
2513;jurídica;NORMAL
2514;jurídico;NORMAL
2515;justa;NORMAL
2516;justamente;NORMAL
2517;justicia;NORMAL
2518;justificar;NORMAL
2519;justo;NORMAL
2520;juvenil;NORMAL
2521;juventud;NORMAL
2522;juzgado;NORMAL
2523;jóvenes;NORMAL
2524;k;INICIO
2525;kg;NORMAL
2526;kilos;NORMAL
2527;kilómetros;NORMAL
2528;km;NORMAL
2529;labios;INICIO
2530;labor;NORMAL
2531;laboral;NORMAL
2532;laborales;NORMAL
2533;laboratorio;NORMAL
2534;labores;NORMAL
2535;lado;NORMAL
2536;lados;NORMAL
2537;lago;NORMAL
2538;lanza;NORMAL
2539;lanzó;NORMAL
2540;larga;NORMAL
2541;largas;NORMAL
2542;largo;NORMAL
2543;largos;NORMAL
2544;latina;NORMAL
2545;laura;NORMAL
2546;lección;NORMAL
2547;leche;NORMAL
2548;lector;NORMAL
2549;lectores;NORMAL
2550;lectura;NORMAL
2551;lee;NORMAL
2552;leer;NORMAL
2553;legal;NORMAL
2554;legales;NORMAL
2555;legislación;NORMAL
2556;lejano;NORMAL
2557;lejos;NORMAL
2558;lengua;NORMAL
2559;lenguaje;NORMAL
2560;lenguas;NORMAL
2561;lenta;NORMAL
2562;lentamente;NORMAL
2563;lento;NORMAL
2564;lesiones;NORMAL
2565;lesión;NORMAL
2566;letra;NORMAL
2567;letras;NORMAL
2568;levanta;NORMAL
2569;levantar;NORMAL
2570;levantó;NORMAL
2571;leve;NORMAL
2572;ley;NORMAL
2573;leyenda;NORMAL
2574;leyes;NORMAL
2575;leído;NORMAL
2576;león;NORMAL
2577;liberación;NORMAL
2578;liberal;NORMAL
2579;liberales;NORMAL
2580;libertad;NORMAL
2581;libertades;NORMAL
2582;libre;NORMAL
2583;libres;NORMAL
2584;libro;NORMAL
2585;libros;NORMAL
2586;licenciado;NORMAL
2587;liga;NORMAL
2588;ligeramente;NORMAL
2589;lima;NORMAL
2590;limitaciones;NORMAL
2591;limitado;NORMAL
2592;limpia;NORMAL
2593;limpieza;NORMAL
2594;limpio;NORMAL
2595;limón;NORMAL
2596;lista;NORMAL
2597;listas;NORMAL
2598;listo;NORMAL
2599;literaria;NORMAL
2600;literario;NORMAL
2601;literatura;NORMAL
2602;llama;NORMAL
2603;llamaba;NORMAL
2604;llamada;NORMAL
2605;llamadas;NORMAL
2606;llamado;NORMAL
2607;llamados;NORMAL
2608;llaman;NORMAL
2609;llamar;NORMAL
2610;llamas;NORMAL
2611;llamó;NORMAL
2612;llave;NORMAL
2613;llega;NORMAL
2614;llegaba;NORMAL
2615;llegada;NORMAL
2616;llegado;NORMAL
2617;llegamos;NORMAL
2618;llegan;NORMAL
2619;llegando;NORMAL
2620;llegar;NORMAL
2621;llegaron;NORMAL
2622;llegue;NORMAL
2623;llegué;NORMAL
2624;llegó;NORMAL
2625;llena;NORMAL
2626;lleno;NORMAL
2627;lleva;NORMAL
2628;llevaba;NORMAL
2629;llevaban;NORMAL
2630;llevado;NORMAL
2631;llevan;NORMAL
2632;llevando;NORMAL
2633;llevar;NORMAL
2634;llevaron;NORMAL
2635;llevará;NORMAL
2636;llevo;NORMAL
2637;llevó;NORMAL
2638;llorar;NORMAL
2639;lluvia;NORMAL
2640;lluvias;NORMAL
2641;loca;NORMAL
2642;local;NORMAL
2643;locales;NORMAL
2644;localidad;NORMAL
2645;loco;NORMAL
2646;locura;NORMAL
2647;logra;NORMAL
2648;logrado;NORMAL
2649;lograr;NORMAL
2650;lograron;NORMAL
2651;logró;NORMAL
2652;londres;NORMAL
2653;longitud;NORMAL
2654;lorenzo;NORMAL
2655;luces;NORMAL
2656;lucha;NORMAL
2657;luchar;NORMAL
2658;lucía;NORMAL
2659;luego;NORMAL
2660;lugar;NORMAL
2661;lugares;NORMAL
2662;luis;NORMAL
2663;luisa;NORMAL
2664;lujo;NORMAL
2665;luna;NORMAL
2666;lunes;NORMAL
2667;luz;NORMAL
2668;lágrimas;NORMAL
2669;líder;NORMAL
2670;líderes;NORMAL
2671;límite;NORMAL
2672;límites;NORMAL
2673;línea;NORMAL
2674;líneas;NORMAL
2675;líquido;NORMAL
2676;lógica;NORMAL
2677;lógico;NORMAL
2678;lópez;NORMAL
2679;m;INICIO
2680;madera;NORMAL
2681;madre;NORMAL
2682;madres;NORMAL
2683;madrid;NORMAL
2684;madrileño;NORMAL
2685;madrugada;NORMAL
2686;maestro;NORMAL
2687;maestros;NORMAL
2688;magistrado;NORMAL
2689;magnitud;NORMAL
2690;majestad;NORMAL
2691;mal;NORMAL
2692;mala;NORMAL
2693;malas;NORMAL
2694;malo;NORMAL
2695;malos;NORMAL
2696;mamá;NORMAL
2697;mancha;NORMAL
2698;mandatario;NORMAL
2699;mandato;NORMAL
2700;mando;NORMAL
2701;manejar;NORMAL
2702;manejo;NORMAL
2703;manera;NORMAL
2704;maneras;NORMAL
2705;manifestaciones;NORMAL
2706;manifestación;NORMAL
2707;manifestó;NORMAL
2708;manifiesta;NORMAL
2709;manifiesto;NORMAL
2710;mano;NORMAL
2711;manos;NORMAL
2712;manteca;NORMAL
2713;mantener;NORMAL
2714;mantenerse;NORMAL
2715;mantenido;NORMAL
2716;mantenimiento;NORMAL
2717;mantenía;NORMAL
2718;mantiene;NORMAL
2719;mantienen;NORMAL
2720;mantuvo;NORMAL
2721;manuel;NORMAL
2722;mapa;NORMAL
2723;mar;NORMAL
2724;marca;NORMAL
2725;marcado;NORMAL
2726;marcas;NORMAL
2727;marcha;NORMAL
2728;marco;NORMAL
2729;marcos;NORMAL
2730;margarita;NORMAL
2731;margen;NORMAL
2732;mariana;NORMAL
2733;mariano;NORMAL
2734;marido;NORMAL
2735;marina;NORMAL
2736;mario;NORMAL
2737;marqués;NORMAL
2738;marruecos;NORMAL
2739;marta;NORMAL
2740;martes;NORMAL
2741;martín;NORMAL
2742;martínez;NORMAL
2743;mary;NORMAL
2744;marzo;NORMAL
2745;maría;NORMAL
2746;mas;NORMAL
2747;masa;NORMAL
2748;masas;NORMAL
2749;masculino;NORMAL
2750;mata;NORMAL
2751;matar;NORMAL
2752;materia;NORMAL
2753;material;NORMAL
2754;materiales;NORMAL
2755;materias;NORMAL
2756;matrimonio;NORMAL
2757;max;NORMAL
2758;mayo;NORMAL
2759;mayor;NORMAL
2760;mayores;NORMAL
2761;mayoría;NORMAL
2762;maíz;NORMAL
2763;mañana;NORMAL
2764;mecanismo;NORMAL
2765;mecanismos;NORMAL
2766;mecánica;NORMAL
2767;medalla;NORMAL
2768;media;NORMAL
2769;mediados;NORMAL
2770;medias;NORMAL
2771;medicamentos;NORMAL
2772;medicina;NORMAL
2773;medida;NORMAL
2774;medidas;NORMAL
2775;medina;NORMAL
2776;medio;NORMAL
2777;mediodía;NORMAL
2778;medios;NORMAL
2779;medir;NORMAL
2780;mediterráneo;NORMAL
2781;mejor;NORMAL
2782;mejora;NORMAL
2783;mejorar;NORMAL
2784;mejores;NORMAL
2785;memoria;NORMAL
2786;memorias;NORMAL
2787;mencionado;NORMAL
2788;mendoza;NORMAL
2789;menem;NORMAL
2790;menor;NORMAL
2791;menores;NORMAL
2792;menos;NORMAL
2793;mensaje;NORMAL
2794;mensajes;NORMAL
2795;mental;NORMAL
2796;mentales;NORMAL
2797;mente;NORMAL
2798;mentira;NORMAL
2799;menudo;NORMAL
2800;mercado;NORMAL
2801;mercados;NORMAL
2802;mercedes;NORMAL
2803;merece;NORMAL
2804;mes;NORMAL
2805;mesa;NORMAL
2806;mesas;NORMAL
2807;meses;NORMAL
2808;meta;NORMAL
2809;metal;NORMAL
2810;metido;NORMAL
2811;metro;NORMAL
2812;metros;NORMAL
2813;mexicana;NORMAL
2814;mexicano;NORMAL
2815;mexicanos;NORMAL
2816;mezcla;NORMAL
2817;miami;NORMAL
2818;michael;NORMAL
2819;miedo;NORMAL
2820;miel;NORMAL
2821;miembro;NORMAL
2822;miembros;NORMAL
2823;mierda;NORMAL
2824;miguel;NORMAL
2825;milagro;NORMAL
2826;militantes;NORMAL
2827;militar;NORMAL
2828;militares;NORMAL
2829;millones;NORMAL
2830;millón;NORMAL
2831;minas;NORMAL
2832;minerales;NORMAL
2833;ministerio;NORMAL
2834;ministra;NORMAL
2835;ministro;NORMAL
2836;ministros;NORMAL
2837;minuto;NORMAL
2838;minutos;NORMAL
2839;mira;NORMAL
2840;miraba;NORMAL
2841;mirada;NORMAL
2842;miradas;NORMAL
2843;mirando;NORMAL
2844;mirar;NORMAL
2845;mire;NORMAL
2846;miró;NORMAL
2847;misa;NORMAL
2848;miseria;NORMAL
2849;misión;NORMAL
2850;misterio;NORMAL
2851;mitad;NORMAL
2852;mito;NORMAL
2853;miércoles;NORMAL
2854;moda;NORMAL
2855;modalidad;NORMAL
2856;modelo;NORMAL
2857;modelos;NORMAL
2858;moderna;NORMAL
2859;moderno;NORMAL
2860;modernos;NORMAL
2861;modificaciones;NORMAL
2862;modificación;NORMAL
2863;modificar;NORMAL
2864;modo;NORMAL
2865;modos;NORMAL
2866;molina;NORMAL
2867;momento;NORMAL
2868;momentos;NORMAL
2869;monarquía;NORMAL
2870;moneda;NORMAL
2871;monetaria;NORMAL
2872;montaje;NORMAL
2873;montaña;NORMAL
2874;montañas;NORMAL
2875;monte;NORMAL
2876;moral;NORMAL
2877;morales;NORMAL
2878;moreno;NORMAL
2879;morir;NORMAL
2880;mortalidad;NORMAL
2881;moscú;NORMAL
2882;mostrado;NORMAL
2883;mostrar;NORMAL
2884;mostró;NORMAL
2885;motivo;NORMAL
2886;motivos;NORMAL
2887;motor;NORMAL
2888;moverse;NORMAL
2889;movimiento;NORMAL
2890;movimientos;NORMAL
2891;muchacha;NORMAL
2892;muchacho;NORMAL
2893;muchachos;NORMAL
2894;mucho;NORMAL
2895;muebles;NORMAL
2896;muere;NORMAL
2897;muerta;NORMAL
2898;muerte;NORMAL
2899;muerto;NORMAL
2900;muertos;NORMAL
2901;muestra;NORMAL
2902;muestran;NORMAL
2903;muestras;NORMAL
2904;mueve;NORMAL
2905;mujer;NORMAL
2906;mujeres;NORMAL
2907;multitud;NORMAL
2908;mundial;NORMAL
2909;mundo;NORMAL
2910;municipal;NORMAL
2911;municipales;NORMAL
2912;municipio;NORMAL
2913;municipios;NORMAL
2914;murcia;NORMAL
2915;murieron;NORMAL
2916;murió;NORMAL
2917;muro;NORMAL
2918;muros;NORMAL
2919;museo;NORMAL
2920;musical;NORMAL
2921;musicales;NORMAL
2922;muy;NORMAL
2923;muñoz;NORMAL
2924;málaga;NORMAL
2925;máquina;NORMAL
2926;máquinas;NORMAL
2927;más;NORMAL
2928;máxima;NORMAL
2929;máximo;NORMAL
2930;médica;NORMAL
2931;médico;NORMAL
2932;médicos;NORMAL
2933;método;NORMAL
2934;métodos;NORMAL
2935;méxico;NORMAL
2936;mínima;NORMAL
2937;mínimo;NORMAL
2938;mínimos;NORMAL
2939;móvil;NORMAL
2940;múltiples;NORMAL
2941;músculos;NORMAL
2942;música;NORMAL
2943;músicos;NORMAL
2944;n;INICIO
2945;nace;NORMAL
2946;nacer;NORMAL
2947;nacido;NORMAL
2948;nacimiento;NORMAL
2949;nacional;NORMAL
2950;nacionales;NORMAL
2951;nacionalidad;NORMAL
2952;nacionalista;NORMAL
2953;nacionalistas;NORMAL
2954;naciones;NORMAL
2955;nació;NORMAL
2956;nación;NORMAL
2957;naranja;NORMAL
2958;narcotráfico;NORMAL
2959;nariz;NORMAL
2960;natural;NORMAL
2961;naturales;NORMAL
2962;naturaleza;NORMAL
2963;naturalmente;NORMAL
2964;navarra;NORMAL
2965;navarro;NORMAL
2966;nave;NORMAL
2967;navidad;NORMAL
2968;necesaria;NORMAL
2969;necesariamente;NORMAL
2970;necesarias;NORMAL
2971;necesario;NORMAL
2972;necesarios;NORMAL
2973;necesidad;NORMAL
2974;necesidades;NORMAL
2975;necesita;NORMAL
2976;necesitaba;NORMAL
2977;necesitan;NORMAL
2978;necesito;NORMAL
2979;negativa;NORMAL
2980;negativo;NORMAL
2981;negociaciones;NORMAL
2982;negociación;NORMAL
2983;negociar;NORMAL
2984;negocio;NORMAL
2985;negocios;NORMAL
2986;negra;NORMAL
2987;negras;NORMAL
2988;negro;NORMAL
2989;negros;NORMAL
2990;negó;NORMAL
2991;nervios;NORMAL
2992;nerviosa;NORMAL
2993;nervioso;NORMAL
2994;new;NORMAL
2995;nicaragua;NORMAL
2996;nicolás;NORMAL
2997;niega;NORMAL
2998;nieve;NORMAL
2999;nivel;NORMAL
3000;niveles;NORMAL
3001;niña;NORMAL
3002;niñas;NORMAL
3003;niño;NORMAL
3004;niños;NORMAL
3005;no;NORMAL
3006;noble;NORMAL
3007;noche;NORMAL
3008;noches;NORMAL
3009;noción;NORMAL
3010;nombrado;NORMAL
3011;nombramiento;NORMAL
3012;nombre;NORMAL
3013;nombres;NORMAL
3014;norma;NORMAL
3015;normal;NORMAL
3016;normales;NORMAL
3017;normalmente;NORMAL
3018;normas;NORMAL
3019;normativa;NORMAL
3020;norte;NORMAL
3021;norteamericana;NORMAL
3022;norteamericano;NORMAL
3023;norteamericanos;NORMAL
3024;nota;NORMAL
3025;notable;NORMAL
3026;notables;NORMAL
3027;notas;NORMAL
3028;noticia;NORMAL
3029;noticias;NORMAL
3030;novedad;NORMAL
3031;novela;NORMAL
3032;novelas;NORMAL
3033;novia;NORMAL
3034;noviembre;NORMAL
3035;novio;NORMAL
3036;nubes;NORMAL
3037;nuclear;NORMAL
3038;nueva;NORMAL
3039;nuevamente;NORMAL
3040;nuevas;NORMAL
3041;nuevo;NORMAL
3042;nuevos;NORMAL
3043;numerosas;NORMAL
3044;numerosos;NORMAL
3045;nunca;NORMAL
3046;núcleo;NORMAL
3047;número;NORMAL
3048;números;NORMAL
3049;núñez;NORMAL
3050;obispo;INICIO
3051;objetivo;NORMAL
3052;objetivos;NORMAL
3053;objeto;NORMAL
3054;objetos;NORMAL
3055;obliga;NORMAL
3056;obligaciones;NORMAL
3057;obligación;NORMAL
3058;obligado;NORMAL
3059;obra;NORMAL
3060;obras;NORMAL
3061;obrero;NORMAL
3062;obreros;NORMAL
3063;observa;NORMAL
3064;observaciones;NORMAL
3065;observación;NORMAL
3066;observar;NORMAL
3067;observó;NORMAL
3068;obstante;NORMAL
3069;obtención;NORMAL
3070;obtener;NORMAL
3071;obtenido;NORMAL
3072;obtenidos;NORMAL
3073;obtiene;NORMAL
3074;obtuvo;NORMAL
3075;obviamente;NORMAL
3076;ocasiones;NORMAL
3077;ocasión;NORMAL
3078;occidental;NORMAL
3079;occidente;NORMAL
3080;octubre;NORMAL
3081;oculta;NORMAL
3082;ocupa;NORMAL
3083;ocupación;NORMAL
3084;ocupado;NORMAL
3085;ocupar;NORMAL
3086;ocurre;NORMAL
3087;ocurrido;NORMAL
3088;ocurrir;NORMAL
3089;ocurrió;NORMAL
3090;odio;NORMAL
3091;oeste;NORMAL
3092;of;NORMAL
3093;ofensiva;NORMAL
3094;oferta;NORMAL
3095;oficial;NORMAL
3096;oficiales;NORMAL
3097;oficialmente;NORMAL
3098;oficina;NORMAL
3099;oficinas;NORMAL
3100;oficio;NORMAL
3101;ofrece;NORMAL
3102;ofrecen;NORMAL
3103;ofrecer;NORMAL
3104;ofreció;NORMAL
3105;oh;NORMAL
3106;ojo;NORMAL
3107;ojos;NORMAL
3108;oliva;NORMAL
3109;olor;NORMAL
3110;olvidado;NORMAL
3111;olvidar;NORMAL
3112;olvido;NORMAL
3113;onda;NORMAL
3114;onu;NORMAL
3115;opciones;NORMAL
3116;opción;NORMAL
3117;operaciones;NORMAL
3118;operación;NORMAL
3119;operativo;NORMAL
3120;opiniones;NORMAL
3121;opinión;NORMAL
3122;oportunidad;NORMAL
3123;oportunidades;NORMAL
3124;oposición;NORMAL
3125;oral;NORMAL
3126;orden;NORMAL
3127;ordenador;NORMAL
3128;ordenó;NORMAL
3129;oreja;NORMAL
3130;orejas;NORMAL
3131;organismo;NORMAL
3132;organismos;NORMAL
3133;organizaciones;NORMAL
3134;organización;NORMAL
3135;organizado;NORMAL
3136;organizar;NORMAL
3137;orgullo;NORMAL
3138;orgánica;NORMAL
3139;orientación;NORMAL
3140;oriental;NORMAL
3141;oriente;NORMAL
3142;origen;NORMAL
3143;original;NORMAL
3144;originales;NORMAL
3145;orilla;NORMAL
3146;oro;NORMAL
3147;orquesta;NORMAL
3148;ortega;NORMAL
3149;ortiz;NORMAL
3150;orígenes;NORMAL
3151;oscar;NORMAL
3152;oscura;NORMAL
3153;oscuridad;NORMAL
3154;oscuro;NORMAL
3155;otan;NORMAL
3156;otoño;NORMAL
3157;oviedo;NORMAL
3158;oxígeno;NORMAL
3159;oye;NORMAL
3160;oyó;NORMAL
3161;oído;NORMAL
3162;oír;NORMAL
3163;pablo;INICIO
3164;paciencia;NORMAL
3165;paciente;NORMAL
3166;pacientes;NORMAL
3167;paco;NORMAL
3168;pacto;NORMAL
3169;pacífico;NORMAL
3170;padre;NORMAL
3171;padres;NORMAL
3172;paga;NORMAL
3173;pagar;NORMAL
3174;pago;NORMAL
3175;pagos;NORMAL
3176;paisaje;NORMAL
3177;palabra;NORMAL
3178;palabras;NORMAL
3179;palacio;NORMAL
3180;palma;NORMAL
3181;palmas;NORMAL
3182;paloma;NORMAL
3183;pan;NORMAL
3184;panamá;NORMAL
3185;panorama;NORMAL
3186;pantalla;NORMAL
3187;papa;NORMAL
3188;papel;NORMAL
3189;papeles;NORMAL
3190;papá;NORMAL
3191;paquete;NORMAL
3192;par;NORMAL
3193;paraguay;NORMAL
3194;parar;NORMAL
3195;paraíso;NORMAL
3196;parcial;NORMAL
3197;parece;NORMAL
3198;parecen;NORMAL
3199;parecer;NORMAL
3200;parecido;NORMAL
3201;pareció;NORMAL
3202;parecía;NORMAL
3203;parecían;NORMAL
3204;pared;NORMAL
3205;paredes;NORMAL
3206;pareja;NORMAL
3207;parejas;NORMAL
3208;parlamentaria;NORMAL
3209;parlamentario;NORMAL
3210;parlamentarios;NORMAL
3211;parlamento;NORMAL
3212;paro;NORMAL
3213;parque;NORMAL
3214;parte;NORMAL
3215;partes;NORMAL
3216;participación;NORMAL
3217;participan;NORMAL
3218;participantes;NORMAL
3219;participar;NORMAL
3220;participaron;NORMAL
3221;particular;NORMAL
3222;particulares;NORMAL
3223;particularmente;NORMAL
3224;partida;NORMAL
3225;partido;NORMAL
3226;partidos;NORMAL
3227;partir;NORMAL
3228;parto;NORMAL
3229;parís;NORMAL
3230;pasa;NORMAL
3231;pasaba;NORMAL
3232;pasada;NORMAL
3233;pasado;NORMAL
3234;pasados;NORMAL
3235;pasajeros;NORMAL
3236;pasan;NORMAL
3237;pasando;NORMAL
3238;pasar;NORMAL
3239;pasaron;NORMAL
3240;pase;NORMAL
3241;paseo;NORMAL
3242;pasillo;NORMAL
3243;pasión;NORMAL
3244;paso;NORMAL
3245;pasos;NORMAL
3246;pasta;NORMAL
3247;pasó;NORMAL
3248;patas;NORMAL
3249;patio;NORMAL
3250;patria;NORMAL
3251;patrimonio;NORMAL
3252;patrón;NORMAL
3253;paul;NORMAL
3254;pausa;NORMAL
3255;paz;NORMAL
3256;país;NORMAL
3257;países;NORMAL
3258;pecado;NORMAL
3259;pecho;NORMAL
3260;pedido;NORMAL
3261;pedir;NORMAL
3262;pedro;NORMAL
3263;pelea;NORMAL
3264;peligro;NORMAL
3265;peligroso;NORMAL
3266;pelo;NORMAL
3267;pelota;NORMAL
3268;película;NORMAL
3269;películas;NORMAL
3270;pena;NORMAL
3271;penal;NORMAL
3272;penas;NORMAL
3273;pendiente;NORMAL
3274;pendientes;NORMAL
3275;pensaba;NORMAL
3276;pensado;NORMAL
3277;pensamiento;NORMAL
3278;pensamientos;NORMAL
3279;pensando;NORMAL
3280;pensar;NORMAL
3281;pensiones;NORMAL
3282;pensé;NORMAL
3283;pensó;NORMAL
3284;península;NORMAL
3285;peor;NORMAL
3286;pepe;NORMAL
3287;pequeña;NORMAL
3288;pequeñas;NORMAL
3289;pequeño;NORMAL
3290;pequeños;NORMAL
3291;percepción;NORMAL
3292;perder;NORMAL
3293;perdida;NORMAL
3294;perdido;NORMAL
3295;perdió;NORMAL
3296;perdón;NORMAL
3297;perfección;NORMAL
3298;perfecta;NORMAL
3299;perfectamente;NORMAL
3300;perfecto;NORMAL
3301;perfil;NORMAL
3302;periodismo;NORMAL
3303;periodista;NORMAL
3304;periodistas;NORMAL
3305;periodo;NORMAL
3306;periódico;NORMAL
3307;periódicos;NORMAL
3308;permanece;NORMAL
3309;permanecer;NORMAL
3310;permanencia;NORMAL
3311;permanente;NORMAL
3312;permiso;NORMAL
3313;permita;NORMAL
3314;permitan;NORMAL
3315;permite;NORMAL
3316;permiten;NORMAL
3317;permitido;NORMAL
3318;permitir;NORMAL
3319;permitirá;NORMAL
3320;permitió;NORMAL
3321;permitía;NORMAL
3322;perro;NORMAL
3323;perros;NORMAL
3324;persona;NORMAL
3325;personaje;NORMAL
3326;personajes;NORMAL
3327;personal;NORMAL
3328;personales;NORMAL
3329;personalidad;NORMAL
3330;personalidades;NORMAL
3331;personalmente;NORMAL
3332;personas;NORMAL
3333;perspectiva;NORMAL
3334;perspectivas;NORMAL
3335;pertenece;NORMAL
3336;pertenecen;NORMAL
3337;período;NORMAL
3338;períodos;NORMAL
3339;perú;NORMAL
3340;pesar;NORMAL
3341;pesca;NORMAL
3342;pescado;NORMAL
3343;pese;NORMAL
3344;pesetas;NORMAL
3345;peso;NORMAL
3346;pesos;NORMAL
3347;petición;NORMAL
3348;petróleo;NORMAL
3349;peña;NORMAL
3350;piano;NORMAL
3351;pico;NORMAL
3352;pide;NORMAL
3353;piden;NORMAL
3354;pidió;NORMAL
3355;pie;NORMAL
3356;piedra;NORMAL
3357;piedras;NORMAL
3358;piel;NORMAL
3359;piensa;NORMAL
3360;piensan;NORMAL
3361;pienso;NORMAL
3362;pierde;NORMAL
3363;pierna;NORMAL
3364;piernas;NORMAL
3365;pies;NORMAL
3366;pieza;NORMAL
3367;piezas;NORMAL
3368;pilar;NORMAL
3369;piloto;NORMAL
3370;pimienta;NORMAL
3371;pinochet;NORMAL
3372;pintor;NORMAL
3373;pintura;NORMAL
3374;pinturas;NORMAL
3375;piso;NORMAL
3376;pista;NORMAL
3377;pistola;NORMAL
3378;placer;NORMAL
3379;plan;NORMAL
3380;planes;NORMAL
3381;planeta;NORMAL
3382;planificación;NORMAL
3383;plano;NORMAL
3384;planos;NORMAL
3385;planta;NORMAL
3386;plantas;NORMAL
3387;plantea;NORMAL
3388;planteamiento;NORMAL
3389;planteamientos;NORMAL
3390;plantilla;NORMAL
3391;plata;NORMAL
3392;plataforma;NORMAL
3393;plato;NORMAL
3394;platos;NORMAL
3395;playa;NORMAL
3396;plaza;NORMAL
3397;plazas;NORMAL
3398;plazo;NORMAL
3399;plena;NORMAL
3400;plenamente;NORMAL
3401;pleno;NORMAL
3402;plástico;NORMAL
3403;pnv;NORMAL
3404;poblaciones;NORMAL
3405;población;NORMAL
3406;pobre;NORMAL
3407;pobres;NORMAL
3408;pobreza;NORMAL
3409;poco;NORMAL
3410;podemos;NORMAL
3411;poder;NORMAL
3412;poderes;NORMAL
3413;poderoso;NORMAL
3414;podido;NORMAL
3415;podrá;NORMAL
3416;podrán;NORMAL
3417;podría;NORMAL
3418;podríamos;NORMAL
3419;podrían;NORMAL
3420;podía;NORMAL
3421;podían;NORMAL
3422;poema;NORMAL
3423;poemas;NORMAL
3424;poesía;NORMAL
3425;poeta;NORMAL
3426;poetas;NORMAL
3427;policial;NORMAL
3428;policiales;NORMAL
3429;policía;NORMAL
3430;policías;NORMAL
3431;pollo;NORMAL
3432;polvo;NORMAL
3433;polémica;NORMAL
3434;política;NORMAL
3435;políticas;NORMAL
3436;político;NORMAL
3437;políticos;NORMAL
3438;pone;NORMAL
3439;ponen;NORMAL
3440;poner;NORMAL
3441;ponerse;NORMAL
3442;ponga;NORMAL
3443;poniendo;NORMAL
3444;ponía;NORMAL
3445;popular;NORMAL
3446;populares;NORMAL
3447;porcentaje;NORMAL
3448;portavoz;NORMAL
3449;portugal;NORMAL
3450;posee;NORMAL
3451;poseen;NORMAL
3452;posesión;NORMAL
3453;posibilidad;NORMAL
3454;posibilidades;NORMAL
3455;posible;NORMAL
3456;posiblemente;NORMAL
3457;posibles;NORMAL
3458;posiciones;NORMAL
3459;posición;NORMAL
3460;positiva;NORMAL
3461;positivo;NORMAL
3462;positivos;NORMAL
3463;posterior;NORMAL
3464;posteriores;NORMAL
3465;posteriormente;NORMAL
3466;postura;NORMAL
3467;potencia;NORMAL
3468;potencial;NORMAL
3469;pp;NORMAL
3470;prado;NORMAL
3471;precio;NORMAL
3472;precios;NORMAL
3473;precisa;NORMAL
3474;precisamente;NORMAL
3475;precisión;NORMAL
3476;preciso;NORMAL
3477;precisó;NORMAL
3478;prefiere;NORMAL
3479;pregunta;NORMAL
3480;preguntar;NORMAL
3481;preguntas;NORMAL
3482;pregunté;NORMAL
3483;preguntó;NORMAL
3484;premio;NORMAL
3485;premios;NORMAL
3486;prensa;NORMAL
3487;preocupa;NORMAL
3488;preocupación;NORMAL
3489;preocupado;NORMAL
3490;prepara;NORMAL
3491;preparación;NORMAL
3492;preparado;NORMAL
3493;preparar;NORMAL
3494;presa;NORMAL
3495;presencia;NORMAL
3496;presenta;NORMAL
3497;presentación;NORMAL
3498;presentada;NORMAL
3499;presentado;NORMAL
3500;presentan;NORMAL
3501;presentar;NORMAL
3502;presentaron;NORMAL
3503;presentarse;NORMAL
3504;presente;NORMAL
3505;presentes;NORMAL
3506;presentó;NORMAL
3507;presidencia;NORMAL
3508;presidencial;NORMAL
3509;presidente;NORMAL
3510;presidentes;NORMAL
3511;presiones;NORMAL
3512;presión;NORMAL
3513;presos;NORMAL
3514;prestigio;NORMAL
3515;presupuesto;NORMAL
3516;presupuestos;NORMAL
3517;pretende;NORMAL
3518;pretenden;NORMAL
3519;pretendía;NORMAL
3520;prevención;NORMAL
3521;previa;NORMAL
3522;previamente;NORMAL
3523;previo;NORMAL
3524;prevista;NORMAL
3525;previsto;NORMAL
3526;prevé;NORMAL
3527;pri;NORMAL
3528;prima;NORMAL
3529;primaria;NORMAL
3530;primavera;NORMAL
3531;primer;NORMAL
3532;primera;NORMAL
3533;primeras;NORMAL
3534;primero;NORMAL
3535;primeros;NORMAL
3536;primo;NORMAL
3537;principal;NORMAL
3538;principales;NORMAL
3539;principalmente;NORMAL
3540;principio;NORMAL
3541;principios;NORMAL
3542;prisa;NORMAL
3543;prisión;NORMAL
3544;privada;NORMAL
3545;privadas;NORMAL
3546;privado;NORMAL
3547;privados;NORMAL
3548;probable;NORMAL
3549;probablemente;NORMAL
3550;probar;NORMAL
3551;problema;NORMAL
3552;problemas;NORMAL
3553;problemática;NORMAL
3554;procede;NORMAL
3555;procedente;NORMAL
3556;procedentes;NORMAL
3557;proceder;NORMAL
3558;procedimiento;NORMAL
3559;procedimientos;NORMAL
3560;proceso;NORMAL
3561;procesos;NORMAL
3562;producción;NORMAL
3563;produce;NORMAL
3564;producen;NORMAL
3565;producido;NORMAL
3566;producir;NORMAL
3567;producirse;NORMAL
3568;productividad;NORMAL
3569;producto;NORMAL
3570;productor;NORMAL
3571;productores;NORMAL
3572;productos;NORMAL
3573;produjo;NORMAL
3574;profesional;NORMAL
3575;profesionales;NORMAL
3576;profesión;NORMAL
3577;profesor;NORMAL
3578;profesores;NORMAL
3579;profunda;NORMAL
3580;profundamente;NORMAL
3581;profundidad;NORMAL
3582;profundo;NORMAL
3583;programa;NORMAL
3584;programación;NORMAL
3585;programas;NORMAL
3586;progreso;NORMAL
3587;promedio;NORMAL
3588;promesa;NORMAL
3589;promoción;NORMAL
3590;promover;NORMAL
3591;pronto;NORMAL
3592;propaganda;NORMAL
3593;propia;NORMAL
3594;propias;NORMAL
3595;propiedad;NORMAL
3596;propiedades;NORMAL
3597;propietario;NORMAL
3598;propietarios;NORMAL
3599;propios;NORMAL
3600;propone;NORMAL
3601;proporciona;NORMAL
3602;proporción;NORMAL
3603;propuesta;NORMAL
3604;propuestas;NORMAL
3605;propuesto;NORMAL
3606;propuso;NORMAL
3607;propósito;NORMAL
3608;protagonista;NORMAL
3609;protagonistas;NORMAL
3610;protección;NORMAL
3611;proteger;NORMAL
3612;protesta;NORMAL
3613;protestas;NORMAL
3614;proteínas;NORMAL
3615;provincia;NORMAL
3616;provincial;NORMAL
3617;provincias;NORMAL
3618;provisional;NORMAL
3619;provoca;NORMAL
3620;provocado;NORMAL
3621;provocar;NORMAL
3622;provocó;NORMAL
3623;proyección;NORMAL
3624;proyecto;NORMAL
3625;proyectos;NORMAL
3626;prueba;NORMAL
3627;pruebas;NORMAL
3628;práctica;NORMAL
3629;prácticamente;NORMAL
3630;prácticas;NORMAL
3631;príncipe;NORMAL
3632;próxima;NORMAL
3633;próximas;NORMAL
3634;próximo;NORMAL
3635;próximos;NORMAL
3636;psicología;NORMAL
3637;psoe;NORMAL
3638;publicaciones;NORMAL
3639;publicación;NORMAL
3640;publicada;NORMAL
3641;publicado;NORMAL
3642;publicidad;NORMAL
3643;publicó;NORMAL
3644;pude;NORMAL
3645;pudiera;NORMAL
3646;pudieran;NORMAL
3647;pudieron;NORMAL
3648;pudo;NORMAL
3649;pueblo;NORMAL
3650;pueblos;NORMAL
3651;pueda;NORMAL
3652;puedan;NORMAL
3653;puede;NORMAL
3654;pueden;NORMAL
3655;puedes;NORMAL
3656;puedo;NORMAL
3657;puente;NORMAL
3658;puerta;NORMAL
3659;puertas;NORMAL
3660;puerto;NORMAL
3661;puesta;NORMAL
3662;puesto;NORMAL
3663;puestos;NORMAL
3664;pujol;NORMAL
3665;punta;NORMAL
3666;punto;NORMAL
3667;puntos;NORMAL
3668;pura;NORMAL
3669;puro;NORMAL
3670;pusieron;NORMAL
3671;puso;NORMAL
3672;puta;NORMAL
3673;pág;NORMAL
3674;página;NORMAL
3675;páginas;NORMAL
3676;pájaros;NORMAL
3677;párrafo;NORMAL
3678;pérdida;NORMAL
3679;pérdidas;NORMAL
3680;pérez;NORMAL
3681;pública;NORMAL
3682;públicamente;NORMAL
3683;públicas;NORMAL
3684;público;NORMAL
3685;públicos;NORMAL
3686;queda;INICIO
3687;quedaba;NORMAL
3688;quedaban;NORMAL
3689;quedado;NORMAL
3690;quedan;NORMAL
3691;quedando;NORMAL
3692;quedar;NORMAL
3693;quedaron;NORMAL
3694;quedarse;NORMAL
3695;quedará;NORMAL
3696;quede;NORMAL
3697;quedó;NORMAL
3698;queremos;NORMAL
3699;querer;NORMAL
3700;querido;NORMAL
3701;quería;NORMAL
3702;querían;NORMAL
3703;queso;NORMAL
3704;quiera;NORMAL
3705;quiere;NORMAL
3706;quieren;NORMAL
3707;quieres;NORMAL
3708;quiero;NORMAL
3709;quinta;NORMAL
3710;quinto;NORMAL
3711;quisiera;NORMAL
3712;quiso;NORMAL
3713;quito;NORMAL
3714;quizá;NORMAL
3715;quizás;NORMAL
3716;quiénes;NORMAL
3717;química;NORMAL
3718;rabia;INICIO
3719;racional;NORMAL
3720;radical;NORMAL
3721;radio;NORMAL
3722;rafael;NORMAL
3723;rama;NORMAL
3724;ramas;NORMAL
3725;ramos;NORMAL
3726;ramírez;NORMAL
3727;ramón;NORMAL
3728;rango;NORMAL
3729;rapidez;NORMAL
3730;rara;NORMAL
3731;raro;NORMAL
3732;rasgos;NORMAL
3733;rato;NORMAL
3734;rayo;NORMAL
3735;rayos;NORMAL
3736;raza;NORMAL
3737;razonable;NORMAL
3738;razones;NORMAL
3739;razón;NORMAL
3740;raíces;NORMAL
3741;raíz;NORMAL
3742;raúl;NORMAL
3743;reacciones;NORMAL
3744;reacción;NORMAL
3745;reagan;NORMAL
3746;real;NORMAL
3747;reales;NORMAL
3748;realidad;NORMAL
3749;realiza;NORMAL
3750;realización;NORMAL
3751;realizada;NORMAL
3752;realizadas;NORMAL
3753;realizado;NORMAL
3754;realizados;NORMAL
3755;realizan;NORMAL
3756;realizando;NORMAL
3757;realizar;NORMAL
3758;realizaron;NORMAL
3759;realizará;NORMAL
3760;realizó;NORMAL
3761;realmente;NORMAL
3762;recepción;NORMAL
3763;rechazo;NORMAL
3764;recibe;NORMAL
3765;reciben;NORMAL
3766;recibido;NORMAL
3767;recibieron;NORMAL
3768;recibir;NORMAL
3769;recibió;NORMAL
3770;reciente;NORMAL
3771;recientemente;NORMAL
3772;recientes;NORMAL
3773;recinto;NORMAL
3774;recién;NORMAL
3775;recoge;NORMAL
3776;recoger;NORMAL
3777;reconoce;NORMAL
3778;reconocer;NORMAL
3779;reconocido;NORMAL
3780;reconocimiento;NORMAL
3781;reconoció;NORMAL
3782;recordaba;NORMAL
3783;recordar;NORMAL
3784;recordó;NORMAL
3785;recorrer;NORMAL
3786;recorrido;NORMAL
3787;recta;NORMAL
3788;rector;NORMAL
3789;recuerda;NORMAL
3790;recuerdo;NORMAL
3791;recuerdos;NORMAL
3792;recuperación;NORMAL
3793;recuperar;NORMAL
3794;recurrir;NORMAL
3795;recurso;NORMAL
3796;recursos;NORMAL
3797;red;NORMAL
3798;redacción;NORMAL
3799;redes;NORMAL
3800;redondo;NORMAL
3801;reducción;NORMAL
3802;reduce;NORMAL
3803;reducido;NORMAL
3804;reducir;NORMAL
3805;referencia;NORMAL
3806;referencias;NORMAL
3807;referente;NORMAL
3808;refiere;NORMAL
3809;refleja;NORMAL
3810;reflejo;NORMAL
3811;reflexión;NORMAL
3812;reforma;NORMAL
3813;reformas;NORMAL
3814;refugiados;NORMAL
3815;refugio;NORMAL
3816;regalo;NORMAL
3817;regional;NORMAL
3818;regionales;NORMAL
3819;regiones;NORMAL
3820;registrado;NORMAL
3821;registro;NORMAL
3822;registros;NORMAL
3823;región;NORMAL
3824;regla;NORMAL
3825;reglamento;NORMAL
3826;reglas;NORMAL
3827;regresar;NORMAL
3828;regreso;NORMAL
3829;regresó;NORMAL
3830;regulación;NORMAL
3831;regular;NORMAL
3832;reina;NORMAL
3833;reino;NORMAL
3834;relacionadas;NORMAL
3835;relacionado;NORMAL
3836;relacionados;NORMAL
3837;relaciones;NORMAL
3838;relación;NORMAL
3839;relativa;NORMAL
3840;relativamente;NORMAL
3841;relativo;NORMAL
3842;relato;NORMAL
3843;relieve;NORMAL
3844;religiosa;NORMAL
3845;religiosas;NORMAL
3846;religioso;NORMAL
3847;religiosos;NORMAL
3848;religión;NORMAL
3849;reloj;NORMAL
3850;remedio;NORMAL
3851;rendimiento;NORMAL
3852;renovación;NORMAL
3853;renta;NORMAL
3854;renuncia;NORMAL
3855;renunciar;NORMAL
3856;reparto;NORMAL
3857;repente;NORMAL
3858;repetir;NORMAL
3859;repite;NORMAL
3860;representa;NORMAL
3861;representación;NORMAL
3862;representan;NORMAL
3863;representante;NORMAL
3864;representantes;NORMAL
3865;representar;NORMAL
3866;represión;NORMAL
3867;reproducción;NORMAL
3868;república;NORMAL
3869;requiere;NORMAL
3870;requieren;NORMAL
3871;requisitos;NORMAL
3872;rescate;NORMAL
3873;reserva;NORMAL
3874;reservas;NORMAL
3875;residencia;NORMAL
3876;residuos;NORMAL
3877;resistencia;NORMAL
3878;resolución;NORMAL
3879;resolver;NORMAL
3880;respaldo;NORMAL
3881;respectivamente;NORMAL
3882;respectivos;NORMAL
3883;respecto;NORMAL
3884;respetar;NORMAL
3885;respeto;NORMAL
3886;respiración;NORMAL
3887;responde;NORMAL
3888;responder;NORMAL
3889;respondió;NORMAL
3890;responsabilidad;NORMAL
3891;responsabilidades;NORMAL
3892;responsable;NORMAL
3893;responsables;NORMAL
3894;respuesta;NORMAL
3895;respuestas;NORMAL
3896;restantes;NORMAL
3897;restaurante;NORMAL
3898;resto;NORMAL
3899;restos;NORMAL
3900;resulta;NORMAL
3901;resultaba;NORMAL
3902;resultado;NORMAL
3903;resultados;NORMAL
3904;resultan;NORMAL
3905;resultar;NORMAL
3906;resultaron;NORMAL
3907;resultó;NORMAL
3908;resumen;NORMAL
3909;retirada;NORMAL
3910;retirar;NORMAL
3911;retiro;NORMAL
3912;reto;NORMAL
3913;retorno;NORMAL
3914;retraso;NORMAL
3915;retrato;NORMAL
3916;reuniones;NORMAL
3917;reunión;NORMAL
3918;revela;NORMAL
3919;revisión;NORMAL
3920;revista;NORMAL
3921;revistas;NORMAL
3922;revolucionario;NORMAL
3923;revolución;NORMAL
3924;revés;NORMAL
3925;rey;NORMAL
3926;reyes;NORMAL
3927;rica;NORMAL
3928;ricardo;NORMAL
3929;richard;NORMAL
3930;rico;NORMAL
3931;ricos;NORMAL
3932;riesgo;NORMAL
3933;riesgos;NORMAL
3934;rigor;NORMAL
3935;rincón;NORMAL
3936;riqueza;NORMAL
3937;risa;NORMAL
3938;ritmo;NORMAL
3939;rival;NORMAL
3940;rivera;NORMAL
3941;robert;NORMAL
3942;roberto;NORMAL
3943;robo;NORMAL
3944;roca;NORMAL
3945;rocas;NORMAL
3946;rock;NORMAL
3947;rodillas;NORMAL
3948;rodrigo;NORMAL
3949;rodríguez;NORMAL
3950;roja;NORMAL
3951;rojas;NORMAL
3952;rojo;NORMAL
3953;rojos;NORMAL
3954;roldán;NORMAL
3955;roma;NORMAL
3956;romano;NORMAL
3957;romero;NORMAL
3958;romper;NORMAL
3959;ronda;NORMAL
3960;ropa;NORMAL
3961;rosa;NORMAL
3962;rosario;NORMAL
3963;rosas;NORMAL
3964;rostro;NORMAL
3965;rostros;NORMAL
3966;roto;NORMAL
3967;rubio;NORMAL
3968;rubén;NORMAL
3969;rueda;NORMAL
3970;ruedas;NORMAL
3971;ruido;NORMAL
3972;ruiz;NORMAL
3973;rumbo;NORMAL
3974;rumores;NORMAL
3975;ruptura;NORMAL
3976;rural;NORMAL
3977;rusia;NORMAL
3978;ruso;NORMAL
3979;ruta;NORMAL
3980;rápida;NORMAL
3981;rápidamente;NORMAL
3982;rápido;NORMAL
3983;récord;NORMAL
3984;régimen;NORMAL
3985;ríe;NORMAL
3986;río;NORMAL
3987;ríos;NORMAL
3988;s;INICIO
3989;sabe;NORMAL
3990;sabemos;NORMAL
3991;saben;NORMAL
3992;saber;NORMAL
3993;sabes;NORMAL
3994;sabido;NORMAL
3995;sabiduría;NORMAL
3996;sabor;NORMAL
3997;sabía;NORMAL
3998;sabían;NORMAL
3999;saca;NORMAL
4000;sacar;NORMAL
4001;sacerdote;NORMAL
4002;sacrificio;NORMAL
4003;sacó;NORMAL
4004;sal;NORMAL
4005;sala;NORMAL
4006;salamanca;NORMAL
4007;salario;NORMAL
4008;salarios;NORMAL
4009;salas;NORMAL
4010;sale;NORMAL
4011;salen;NORMAL
4012;salida;NORMAL
4013;salido;NORMAL
4014;salieron;NORMAL
4015;salinas;NORMAL
4016;salir;NORMAL
4017;salió;NORMAL
4018;salsa;NORMAL
4019;salto;NORMAL
4020;salud;NORMAL
4021;salvador;NORMAL
4022;salvar;NORMAL
4023;salvo;NORMAL
4024;salía;NORMAL
4025;salón;NORMAL
4026;san;NORMAL
4027;sanciones;NORMAL
4028;sangre;NORMAL
4029;sanidad;NORMAL
4030;santa;NORMAL
4031;santander;NORMAL
4032;santiago;NORMAL
4033;santo;NORMAL
4034;santos;NORMAL
4035;sara;NORMAL
4036;satisfacción;NORMAL
4037;satisfacer;NORMAL
4038;satisfecho;NORMAL
4039;sea;NORMAL
4040;sean;NORMAL
4041;sebastián;NORMAL
4042;seca;NORMAL
4043;sección;NORMAL
4044;seco;NORMAL
4045;secretaria;NORMAL
4046;secretario;NORMAL
4047;secretaría;NORMAL
4048;secreto;NORMAL
4049;secretos;NORMAL
4050;sector;NORMAL
4051;sectores;NORMAL
4052;secuencia;NORMAL
4053;secuestro;NORMAL
4054;secundaria;NORMAL
4055;sede;NORMAL
4056;seguida;NORMAL
4057;seguido;NORMAL
4058;seguidores;NORMAL
4059;seguimiento;NORMAL
4060;seguir;NORMAL
4061;seguirá;NORMAL
4062;segunda;NORMAL
4063;segundo;NORMAL
4064;segundos;NORMAL
4065;segura;NORMAL
4066;seguramente;NORMAL
4067;seguridad;NORMAL
4068;seguro;NORMAL
4069;seguros;NORMAL
4070;seguía;NORMAL
4071;selección;NORMAL
4072;selva;NORMAL
4073;semana;NORMAL
4074;semanas;NORMAL
4075;semejante;NORMAL
4076;semejantes;NORMAL
4077;semillas;NORMAL
4078;senado;NORMAL
4079;senador;NORMAL
4080;sencilla;NORMAL
4081;sencillo;NORMAL
4082;seno;NORMAL
4083;sensación;NORMAL
4084;sensibilidad;NORMAL
4085;sensible;NORMAL
4086;sentada;NORMAL
4087;sentado;NORMAL
4088;sentarse;NORMAL
4089;sentencia;NORMAL
4090;sentido;NORMAL
4091;sentidos;NORMAL
4092;sentimiento;NORMAL
4093;sentimientos;NORMAL
4094;sentir;NORMAL
4095;sentirse;NORMAL
4096;sentí;NORMAL
4097;sentía;NORMAL
4098;sepa;NORMAL
4099;separación;NORMAL
4100;separado;NORMAL
4101;septiembre;NORMAL
4102;ser;NORMAL
4103;seres;NORMAL
4104;sergio;NORMAL
4105;seria;NORMAL
4106;serie;NORMAL
4107;serio;NORMAL
4108;serlo;NORMAL
4109;serrano;NORMAL
4110;servicio;NORMAL
4111;servicios;NORMAL
4112;servido;NORMAL
4113;servir;NORMAL
4114;será;NORMAL
4115;serán;NORMAL
4116;sería;NORMAL
4117;serían;NORMAL
4118;sesiones;NORMAL
4119;sesión;NORMAL
4120;setenta;NORMAL
4121;sevilla;NORMAL
4122;sexo;NORMAL
4123;sexto;NORMAL
4124;sexual;NORMAL
4125;sexuales;NORMAL
4126;señal;NORMAL
4127;señala;NORMAL
4128;señalado;NORMAL
4129;señalan;NORMAL
4130;señalar;NORMAL
4131;señales;NORMAL
4132;señaló;NORMAL
4133;señor;NORMAL
4134;señora;NORMAL
4135;señores;NORMAL
4136;señorita;NORMAL
4137;sida;NORMAL
4138;sido;NORMAL
4139;siempre;NORMAL
4140;siendo;NORMAL
4141;sienta;NORMAL
4142;siente;NORMAL
4143;sienten;NORMAL
4144;siento;NORMAL
4145;sierra;NORMAL
4146;siga;NORMAL
4147;siglo;NORMAL
4148;siglos;NORMAL
4149;significa;NORMAL
4150;significación;NORMAL
4151;significado;NORMAL
4152;significativo;NORMAL
4153;signo;NORMAL
4154;signos;NORMAL
4155;sigue;NORMAL
4156;siguen;NORMAL
4157;siguiendo;NORMAL
4158;siguiente;NORMAL
4159;siguientes;NORMAL
4160;siguieron;NORMAL
4161;siguió;NORMAL
4162;silencio;NORMAL
4163;silla;NORMAL
4164;sillón;NORMAL
4165;silva;NORMAL
4166;similar;NORMAL
4167;similares;NORMAL
4168;simple;NORMAL
4169;simplemente;NORMAL
4170;simples;NORMAL
4171;simultáneamente;NORMAL
4172;sindical;NORMAL
4173;sindicales;NORMAL
4174;sindicato;NORMAL
4175;sindicatos;NORMAL
4176;singular;NORMAL
4177;sintió;NORMAL
4178;siquiera;NORMAL
4179;sirve;NORMAL
4180;sirven;NORMAL
4181;sirvió;NORMAL
4182;sistema;NORMAL
4183;sistemas;NORMAL
4184;sitio;NORMAL
4185;sitios;NORMAL
4186;situaciones;NORMAL
4187;situación;NORMAL
4188;situada;NORMAL
4189;situado;NORMAL
4190;sitúa;NORMAL
4191;soberanía;NORMAL
4192;social;NORMAL
4193;sociales;NORMAL
4194;socialismo;NORMAL
4195;socialista;NORMAL
4196;socialistas;NORMAL
4197;sociedad;NORMAL
4198;sociedades;NORMAL
4199;socio;NORMAL
4200;socios;NORMAL
4201;sofía;NORMAL
4202;sol;NORMAL
4203;sola;NORMAL
4204;solamente;NORMAL
4205;solar;NORMAL
4206;solas;NORMAL
4207;soldado;NORMAL
4208;soldados;NORMAL
4209;soledad;NORMAL
4210;solicitar;NORMAL
4211;solicitud;NORMAL
4212;solidaridad;NORMAL
4213;solitario;NORMAL
4214;solo;NORMAL
4215;solos;NORMAL
4216;soluciones;NORMAL
4217;solución;NORMAL
4218;solía;NORMAL
4219;sombra;NORMAL
4220;sombras;NORMAL
4221;sombrero;NORMAL
4222;sometido;NORMAL
4223;somos;NORMAL
4224;son;NORMAL
4225;sonido;NORMAL
4226;sonidos;NORMAL
4227;sonrisa;NORMAL
4228;sonrió;NORMAL
4229;soportar;NORMAL
4230;soporte;NORMAL
4231;sorprendente;NORMAL
4232;sorprendido;NORMAL
4233;sorprendió;NORMAL
4234;sorpresa;NORMAL
4235;sospecha;NORMAL
4236;sostiene;NORMAL
4237;sostuvo;NORMAL
4238;soviética;NORMAL
4239;soy;NORMAL
4240;suave;NORMAL
4241;sube;NORMAL
4242;subida;NORMAL
4243;subir;NORMAL
4244;subió;NORMAL
4245;subrayó;NORMAL
4246;sucede;NORMAL
4247;sucedido;NORMAL
4248;sucedió;NORMAL
4249;sucesión;NORMAL
4250;suceso;NORMAL
4251;sucesos;NORMAL
4252;sueldo;NORMAL
4253;suele;NORMAL
4254;suelen;NORMAL
4255;suelo;NORMAL
4256;suena;NORMAL
4257;suerte;NORMAL
4258;sueño;NORMAL
4259;sueños;NORMAL
4260;suficiente;NORMAL
4261;suficientemente;NORMAL
4262;suficientes;NORMAL
4263;sufre;NORMAL
4264;sufren;NORMAL
4265;sufrido;NORMAL
4266;sufrimiento;NORMAL
4267;sufrir;NORMAL
4268;sufrió;NORMAL
4269;suicidio;NORMAL
4270;suiza;NORMAL
4271;sujeto;NORMAL
4272;sujetos;NORMAL
4273;suma;NORMAL
4274;sumamente;NORMAL
4275;superar;NORMAL
4276;superficie;NORMAL
4277;superior;NORMAL
4278;superiores;NORMAL
4279;supervivencia;NORMAL
4280;supo;NORMAL
4281;supone;NORMAL
4282;suponer;NORMAL
4283;supongo;NORMAL
4284;suprema;NORMAL
4285;supremo;NORMAL
4286;supuesta;NORMAL
4287;supuestamente;NORMAL
4288;supuesto;NORMAL
4289;supuestos;NORMAL
4290;sur;NORMAL
4291;surge;NORMAL
4292;surgió;NORMAL
4293;suspensión;NORMAL
4294;sustancia;NORMAL
4295;sustancias;NORMAL
4296;sustitución;NORMAL
4297;suárez;NORMAL
4298;sábado;NORMAL
4299;sánchez;NORMAL
4300;sé;NORMAL
4301;sí;NORMAL
4302;símbolo;NORMAL
4303;símbolos;NORMAL
4304;síndrome;NORMAL
4305;síntesis;NORMAL
4306;síntomas;NORMAL
4307;sólo;NORMAL
4308;t;INICIO
4309;tabaco;NORMAL
4310;tabla;NORMAL
4311;tablas;NORMAL
4312;tal;NORMAL
4313;talento;NORMAL
4314;taller;NORMAL
4315;talleres;NORMAL
4316;tamaño;NORMAL
4317;también;NORMAL
4318;tampoco;NORMAL
4319;tan;NORMAL
4320;tanto;NORMAL
4321;tarde;NORMAL
4322;tardes;NORMAL
4323;tarea;NORMAL
4324;tareas;NORMAL
4325;tarifas;NORMAL
4326;tarjeta;NORMAL
4327;tasa;NORMAL
4328;tasas;NORMAL
4329;taxi;NORMAL
4330;taza;NORMAL
4331;teatral;NORMAL
4332;teatro;NORMAL
4333;techo;NORMAL
4334;tecnología;NORMAL
4335;tecnologías;NORMAL
4336;tecnológica;NORMAL
4337;tecnológico;NORMAL
4338;tejido;NORMAL
4339;tejidos;NORMAL
4340;tel;NORMAL
4341;tela;NORMAL
4342;telefónica;NORMAL
4343;televisión;NORMAL
4344;teléfono;NORMAL
4345;tema;NORMAL
4346;temas;NORMAL
4347;temor;NORMAL
4348;temperatura;NORMAL
4349;temperaturas;NORMAL
4350;templo;NORMAL
4351;temporada;NORMAL
4352;temporal;NORMAL
4353;temprano;NORMAL
4354;tendencia;NORMAL
4355;tendencias;NORMAL
4356;tendrá;NORMAL
4357;tendrán;NORMAL
4358;tendría;NORMAL
4359;tenemos;NORMAL
4360;tener;NORMAL
4361;tenga;NORMAL
4362;tengan;NORMAL
4363;tengo;NORMAL
4364;tenido;NORMAL
4365;teniendo;NORMAL
4366;teniente;NORMAL
4367;tenis;NORMAL
4368;tensiones;NORMAL
4369;tensión;NORMAL
4370;tentación;NORMAL
4371;tenía;NORMAL
4372;teníamos;NORMAL
4373;tenían;NORMAL
4374;teoría;NORMAL
4375;teorías;NORMAL
4376;terapia;NORMAL
4377;tercer;NORMAL
4378;tercera;NORMAL
4379;tercero;NORMAL
4380;tercio;NORMAL
4381;teresa;NORMAL
4382;termina;NORMAL
4383;terminado;NORMAL
4384;terminar;NORMAL
4385;terminó;NORMAL
4386;terreno;NORMAL
4387;terrenos;NORMAL
4388;terrestre;NORMAL
4389;terrible;NORMAL
4390;territorial;NORMAL
4391;territorio;NORMAL
4392;territorios;NORMAL
4393;terror;NORMAL
4394;terrorismo;NORMAL
4395;terrorista;NORMAL
4396;terroristas;NORMAL
4397;tesis;NORMAL
4398;tesoro;NORMAL
4399;testigo;NORMAL
4400;testigos;NORMAL
4401;testimonio;NORMAL
4402;texto;NORMAL
4403;textos;NORMAL
4404;the;NORMAL
4405;tiempo;NORMAL
4406;tiempos;NORMAL
4407;tienda;NORMAL
4408;tiendas;NORMAL
4409;tiende;NORMAL
4410;tiene;NORMAL
4411;tienen;NORMAL
4412;tienes;NORMAL
4413;tierra;NORMAL
4414;tierras;NORMAL
4415;tipo;NORMAL
4416;tipos;NORMAL
4417;tiro;NORMAL
4418;titular;NORMAL
4419;toca;NORMAL
4420;tocar;NORMAL
4421;tocó;NORMAL
4422;todavía;NORMAL
4423;toledo;NORMAL
4424;toma;NORMAL
4425;tomado;NORMAL
4426;toman;NORMAL
4427;tomando;NORMAL
4428;tomar;NORMAL
4429;tomate;NORMAL
4430;tomás;NORMAL
4431;tomó;NORMAL
4432;toneladas;NORMAL
4433;tono;NORMAL
4434;toque;NORMAL
4435;torneo;NORMAL
4436;torno;NORMAL
4437;toro;NORMAL
4438;toros;NORMAL
4439;torre;NORMAL
4440;torres;NORMAL
4441;total;NORMAL
4442;totalidad;NORMAL
4443;totalmente;NORMAL
4444;trabaja;NORMAL
4445;trabajaba;NORMAL
4446;trabajador;NORMAL
4447;trabajadores;NORMAL
4448;trabajan;NORMAL
4449;trabajando;NORMAL
4450;trabajar;NORMAL
4451;trabajo;NORMAL
4452;trabajos;NORMAL
4453;tradicional;NORMAL
4454;tradicionales;NORMAL
4455;tradición;NORMAL
4456;traducción;NORMAL
4457;trae;NORMAL
4458;tragedia;NORMAL
4459;traje;NORMAL
4460;trajo;NORMAL
4461;trama;NORMAL
4462;tramo;NORMAL
4463;tranquila;NORMAL
4464;tranquilidad;NORMAL
4465;tranquilo;NORMAL
4466;transcurso;NORMAL
4467;transferencia;NORMAL
4468;transformación;NORMAL
4469;transición;NORMAL
4470;transmisión;NORMAL
4471;transporte;NORMAL
4472;transportes;NORMAL
4473;traslado;NORMAL
4474;trastornos;NORMAL
4475;trata;NORMAL
4476;trataba;NORMAL
4477;tratado;NORMAL
4478;tratados;NORMAL
4479;tratamiento;NORMAL
4480;tratamientos;NORMAL
4481;tratan;NORMAL
4482;tratando;NORMAL
4483;tratar;NORMAL
4484;trate;NORMAL
4485;trato;NORMAL
4486;trató;NORMAL
4487;través;NORMAL
4488;trayectoria;NORMAL
4489;treinta;NORMAL
4490;tren;NORMAL
4491;tribunal;NORMAL
4492;tribunales;NORMAL
4493;trimestre;NORMAL
4494;triste;NORMAL
4495;tristeza;NORMAL
4496;triunfo;NORMAL
4497;tronco;NORMAL
4498;tropas;NORMAL
4499;tráfico;NORMAL
4500;tránsito;NORMAL
4501;tumba;NORMAL
4502;turismo;NORMAL
4503;turistas;NORMAL
4504;turno;NORMAL
4505;tuve;NORMAL
4506;tuviera;NORMAL
4507;tuvieron;NORMAL
4508;tuvo;NORMAL
4509;tv;NORMAL
4510;tve;NORMAL
4511;técnica;NORMAL
4512;técnicas;NORMAL
4513;técnico;NORMAL
4514;técnicos;NORMAL
4515;término;NORMAL
4516;términos;NORMAL
4517;tía;NORMAL
4518;tío;NORMAL
4519;título;NORMAL
4520;títulos;NORMAL
4521;ucd;INICIO
4522;ue;NORMAL
4523;ugt;NORMAL
4524;une;NORMAL
4525;unida;NORMAL
4526;unidad;NORMAL
4527;unidades;NORMAL
4528;unidas;NORMAL
4529;unido;NORMAL
4530;unidos;NORMAL
4531;uniforme;NORMAL
4532;universal;NORMAL
4533;universidad;NORMAL
4534;universidades;NORMAL
4535;universitaria;NORMAL
4536;universitario;NORMAL
4537;universitarios;NORMAL
4538;universo;NORMAL
4539;unión;NORMAL
4540;urbana;NORMAL
4541;urbano;NORMAL
4542;urgencia;NORMAL
4543;urgente;NORMAL
4544;urss;NORMAL
4545;uruguay;NORMAL
4546;usa;NORMAL
4547;usar;NORMAL
4548;uso;NORMAL
4549;usos;NORMAL
4550;usuario;NORMAL
4551;usuarios;NORMAL
4552;utilidad;NORMAL
4553;utiliza;NORMAL
4554;utilización;NORMAL
4555;utilizado;NORMAL
4556;utilizados;NORMAL
4557;utilizan;NORMAL
4558;utilizando;NORMAL
4559;utilizar;NORMAL
4560;va;INICIO
4561;vacaciones;NORMAL
4562;vacío;NORMAL
4563;vale;NORMAL
4564;valencia;NORMAL
4565;valladolid;NORMAL
4566;valle;NORMAL
4567;valor;NORMAL
4568;valoración;NORMAL
4569;valores;NORMAL
4570;vamos;NORMAL
4571;van;NORMAL
4572;vanguardia;NORMAL
4573;vano;NORMAL
4574;vapor;NORMAL
4575;vargas;NORMAL
4576;variable;NORMAL
4577;variables;NORMAL
4578;variaciones;NORMAL
4579;variedad;NORMAL
4580;varones;NORMAL
4581;vas;NORMAL
4582;vasco;NORMAL
4583;vascos;NORMAL
4584;vaso;NORMAL
4585;vaya;NORMAL
4586;vayan;NORMAL
4587;ve;NORMAL
4588;vea;NORMAL
4589;veces;NORMAL
4590;vecino;NORMAL
4591;vecinos;NORMAL
4592;vega;NORMAL
4593;vegetal;NORMAL
4594;vegetales;NORMAL
4595;vehículo;NORMAL
4596;vehículos;NORMAL
4597;vela;NORMAL
4598;velocidad;NORMAL
4599;velázquez;NORMAL
4600;vemos;NORMAL
4601;ven;NORMAL
4602;vencer;NORMAL
4603;vender;NORMAL
4604;venezolano;NORMAL
4605;venezuela;NORMAL
4606;venga;NORMAL
4607;venido;NORMAL
4608;venir;NORMAL
4609;venta;NORMAL
4610;ventaja;NORMAL
4611;ventajas;NORMAL
4612;ventana;NORMAL
4613;ventanas;NORMAL
4614;ventas;NORMAL
4615;venía;NORMAL
4616;venían;NORMAL
4617;veo;NORMAL
4618;ver;NORMAL
4619;vera;NORMAL
4620;verano;NORMAL
4621;verdad;NORMAL
4622;verdadera;NORMAL
4623;verdaderamente;NORMAL
4624;verdadero;NORMAL
4625;verde;NORMAL
4626;verdes;NORMAL
4627;veremos;NORMAL
4628;vergüenza;NORMAL
4629;verla;NORMAL
4630;verlo;NORMAL
4631;verse;NORMAL
4632;versiones;NORMAL
4633;versión;NORMAL
4634;versos;NORMAL
4635;verá;NORMAL
4636;ves;NORMAL
4637;vestido;NORMAL
4638;vestidos;NORMAL
4639;vez;NORMAL
4640;veía;NORMAL
4641;vi;NORMAL
4642;viajar;NORMAL
4643;viaje;NORMAL
4644;viajes;NORMAL
4645;vicente;NORMAL
4646;vicepresidente;NORMAL
4647;victoria;NORMAL
4648;vida;NORMAL
4649;vidal;NORMAL
4650;vidas;NORMAL
4651;vidrio;NORMAL
4652;vieja;NORMAL
4653;viejas;NORMAL
4654;viejo;NORMAL
4655;viejos;NORMAL
4656;viena;NORMAL
4657;viendo;NORMAL
4658;viene;NORMAL
4659;vienen;NORMAL
4660;viento;NORMAL
4661;vientos;NORMAL
4662;vientre;NORMAL
4663;viernes;NORMAL
4664;vieron;NORMAL
4665;vigencia;NORMAL
4666;vigente;NORMAL
4667;vigilancia;NORMAL
4668;vigo;NORMAL
4669;vigor;NORMAL
4670;vih;NORMAL
4671;villa;NORMAL
4672;vino;NORMAL
4673;vinos;NORMAL
4674;vio;NORMAL
4675;violencia;NORMAL
4676;virgen;NORMAL
4677;virginia;NORMAL
4678;virtud;NORMAL
4679;virtudes;NORMAL
4680;virus;NORMAL
4681;visible;NORMAL
4682;visita;NORMAL
4683;visitantes;NORMAL
4684;visitar;NORMAL
4685;visitas;NORMAL
4686;visión;NORMAL
4687;vista;NORMAL
4688;vistas;NORMAL
4689;visto;NORMAL
4690;visual;NORMAL
4691;vital;NORMAL
4692;vitamina;NORMAL
4693;viuda;NORMAL
4694;viva;NORMAL
4695;vive;NORMAL
4696;viven;NORMAL
4697;vivido;NORMAL
4698;vivienda;NORMAL
4699;viviendas;NORMAL
4700;viviendo;NORMAL
4701;vivimos;NORMAL
4702;vivir;NORMAL
4703;vivió;NORMAL
4704;vivo;NORMAL
4705;vivos;NORMAL
4706;vivía;NORMAL
4707;vocación;NORMAL
4708;voces;NORMAL
4709;volumen;NORMAL
4710;voluntad;NORMAL
4711;volver;NORMAL
4712;volvieron;NORMAL
4713;volvió;NORMAL
4714;volví;NORMAL
4715;volvía;NORMAL
4716;vos;NORMAL
4717;votación;NORMAL
4718;voto;NORMAL
4719;votos;NORMAL
4720;voy;NORMAL
4721;voz;NORMAL
4722;vuelo;NORMAL
4723;vuelta;NORMAL
4724;vueltas;NORMAL
4725;vuelto;NORMAL
4726;vuelva;NORMAL
4727;vuelve;NORMAL
4728;vuelven;NORMAL
4729;vázquez;NORMAL
4730;vía;NORMAL
4731;vías;NORMAL
4732;víctima;NORMAL
4733;víctimas;NORMAL
4734;víctor;NORMAL
4735;vídeo;NORMAL
4736;washington;INICIO
4737;web;NORMAL
4738;william;NORMAL
4739;xix;INICIO
4740;xvi;NORMAL
4741;xvii;NORMAL
4742;xviii;NORMAL
4743;xx;NORMAL
4744;ya;INICIO
4745;york;NORMAL
4746;zapatos;INICIO
4747;zaragoza;NORMAL
4748;zona;NORMAL
4749;zonas;NORMAL
4750;ácido;INICIO
4751;áfrica;NORMAL
4752;ámbito;NORMAL
4753;ámbitos;NORMAL
4754;ángel;NORMAL
4755;ángeles;NORMAL
4756;ángulo;NORMAL
4757;ánimo;NORMAL
4758;árabe;NORMAL
4759;árbol;NORMAL
4760;árboles;NORMAL
4761;área;NORMAL
4762;áreas;NORMAL
4763;época;INICIO
4764;épocas;NORMAL
4765;ética;NORMAL
4766;éxito;NORMAL
4767;índice;INICIO
4768;ópera;INICIO
4769;órdenes;NORMAL
4770;órgano;NORMAL
4771;órganos;NORMAL
4772;última;INICIO
4773;últimas;NORMAL
4774;último;NORMAL
4775;últimos;NORMAL
4776;única;NORMAL
4777;únicamente;NORMAL
4778;único;NORMAL
4779;únicos;NORMAL
4780;útil;NORMAL
4781;útiles;NORMAL
